Total_MET,Avg_METs,TotalDistance,DistancePerStep,TrackerDistance,StepsbyDistance,TotalActiveDistance,TotalSteps,TotalActiveMinutes,ActiveRatio,AverageActiveMinutes,DistanceIntensity,InactiveRatio,SedentaryMinutes,ActivityRank,SedentaryRatio,LightlyActiveMinutes,LightActiveDistance,VeryActiveMinutes,LightlyActiveRatio,AveragePace,ActiveGroup,VeryActiveRatio,VeryActiveDistance,FairlyActiveRatio,ActiveDistanceRatio,FairlyActiveMinutes,TotalUsageMinutes,ModeratelyActiveDistance,Calories
20404.0,14.169444444444444,5.07999992370605,0.0006817876692666823,5.07999992370605,1466.7323054926774,5.05999994277954,7451,335,0.2326388888888889,111.66666666666667,5.05999994277954,0.7673611111111112,1105,13,0.7673611111111112,335,5.05999994277954,0,0.2326388888888889,0.9098507326040688,1,0.0,0.0,0.0,0.9960629958214804,0,1440,0.0,1908
20656.0,14.344444444444445,5.82000017166138,0.0007274090953207574,5.82000017166138,1374.7422274931018,5.820000052452082,8001,181,0.12569444444444444,60.333333333333336,11.279999971389763,0.8743055555555556,1259,10,0.8743055555555556,135,2.64000010490417,30,0.09375,1.9292818248601258,2,0.020833333333333332,2.27999997138977,0.011111111111111112,0.9999999795173035,16,1440,0.899999976158142,2902
14650.0,10.17361111111111,0.109999999403954,0.0007236842066049605,0.109999999403954,1381.818189305702,0.109999999403954,152,12,0.008333333333333333,4.0,0.109999999403954,0.9048611111111111,1303,16,0.990874524714829,12,0.109999999403954,0,0.009125475285171103,0.54999999701977,0,0.0,0.0,0.0,1.0,0,1315,0.0,2100
14400.0,10.0,0.0,0.0,0.0,0.0,0.0,0,0,0.0,0.0,0.0,1.0,1440,18,1.0,0,0.0,0,0.0,0.0,0,0.0,0.0,0.0,0.0,0,1440,0.0,1496
19787.0,13.740972222222222,3.95000004768372,0.0006605351250307224,3.95000004768372,1513.9240323570812,3.95000004768372,5980,227,0.15763888888888888,75.66666666666667,3.95000004768372,0.5083333333333333,732,16,0.7632950990615224,227,3.95000004768372,0,0.23670490093847757,1.0440528760397498,1,0.0,0.0,0.0,1.0,0,959,0.0,1861
22681.0,15.750694444444445,6.92000007629395,0.000661251798976966,6.92000007629395,1512.2832203210896,6.919999785721304,10465,309,0.21458333333333332,103.0,8.47999974340201,0.5,720,12,0.6997084548104956,284,5.42999982833862,1,0.2759961127308066,1.3436893352027086,3,0.0009718172983479105,0.0700000002980232,0.023323615160349854,0.9999999580097337,24,1029,1.41999995708466,2133
20984.0,14.572222222222223,7.09000015258789,0.0007019802131275138,7.09000015258789,1424.5415772400856,7.090000212192528,10100,203,0.14097222222222222,67.66666666666667,13.940000414848317,0.8590277777777777,1237,10,0.8590277777777777,151,3.39000010490417,41,0.10486111111111111,2.0955665475629233,3,0.02847222222222222,3.15000009536743,0.007638888888888889,1.0000000084068599,11,1440,0.550000011920929,2177
16808.0,11.672222222222222,1.51999998092651,0.0006701939951175088,1.51999998092651,1492.105281881352,1.51999998092651,2268,114,0.07916666666666666,38.0,1.51999998092651,0.8465277777777778,1219,16,0.9144786196549137,114,1.51999998092651,0,0.08552138034508627,0.799999989961321,0,0.0,0.0,0.0,1.0,0,1333,0.0,1933
23484.0,16.308333333333334,9.19999980926514,0.0006949690141460297,9.19999980926514,1438.9130733098787,9.20000004768372,13238,289,0.20069444444444445,96.33333333333333,18.68000006675721,0.47708333333333336,687,12,0.7038934426229508,194,3.41000008583069,43,0.1987704918032787,1.910034562477192,4,0.04405737704918033,3.69000005722046,0.05327868852459016,1.0000000259150634,52,976,2.09999990463257,1650
22570.0,15.67361111111111,5.90999984741211,0.0006718962991600853,5.90999984741211,1488.3249115229032,5.920000120997431,8796,379,0.26319444444444445,126.33333333333333,7.070000126957896,0.7368055555555556,1061,10,0.7368055555555556,356,4.88000011444092,2,0.24722222222222223,0.9356200286140545,2,0.001388888888888889,0.109999999403954,0.014583333333333334,1.0016920937129465,21,1440,0.930000007152557,1982
18954.0,13.1625,5.82999992370605,0.0007565533251629964,5.82999992370605,1321.7838937983042,5.82000017166138,7706,251,0.17430555555555555,83.66666666666667,5.82000017166138,0.8256944444444444,1189,16,0.8256944444444444,251,5.82000017166138,0,0.17430555555555555,1.3936254797703704,2,0.0,0.0,0.0,0.9982847766422759,0,1440,0.0,2712
25082.0,17.418055555555554,8.89999961853027,0.0006325515009616397,8.89999961853027,1580.8989441646172,8.880000233650211,14070,319,0.22152777777777777,106.33333333333333,15.80000042915345,0.5951388888888889,857,9,0.7287414965986394,250,4.88000011444092,45,0.21258503401360543,1.673981119472778,4,0.03826530612244898,2.92000007629395,0.02040816326530612,0.9977528780070486,24,1176,1.08000004291534,1959
18291.0,12.702083333333333,3.03999996185303,0.000666374388832317,3.03999996185303,1500.6579135676159,3.039999961853023,4562,141,0.09791666666666667,47.0,5.889999866485586,0.9020833333333333,1299,10,0.9020833333333333,108,1.37000000476837,19,0.075,1.2936170050438425,0,0.013194444444444444,1.17999994754791,0.009722222222222222,0.9999999999999977,14,1440,0.490000009536743,1813
28210.0,19.59027777777778,12.0100002288818,0.0007928439549037365,12.0100002288818,1261.2822407423355,12.010000050067902,15148,298,0.20694444444444443,99.33333333333333,26.630000233650204,0.4701388888888889,677,7,0.6943589743589743,145,4.28999996185303,137,0.14871794871794872,2.4181208514527115,4,0.14051282051282052,6.90000009536743,0.01641025641025641,0.9999999851112493,16,975,0.819999992847443,4236
18416.0,12.78888888888889,2.59999990463257,0.0006913054784984233,2.59999990463257,1446.538514597177,2.59999990463257,3761,192,0.13333333333333333,64.0,2.59999990463257,0.7347222222222223,1058,16,0.8464,192,2.59999990463257,0,0.1536,0.8124999701976782,0,0.0,0.0,0.0,1.0,0,1250,0.0,2638
26388.0,18.325,13.6899995803833,0.000727147159950247,13.6899995803833,1375.2374417145797,13.679999887943259,18827,327,0.22708333333333333,109.0,32.95999944210051,0.7729166666666667,1113,10,0.7729166666666667,195,3.64000010490417,111,0.13541666666666666,2.5119265285106973,4,0.07708333333333334,9.23999977111816,0.014583333333333334,0.999269562253722,21,1440,0.800000011920929,3213
21060.5,14.696180555555555,0.0,0.0,0.0,0.0,0.0,0,0,0.0,0.0,0.0,1.0,1440,18,1.0,0,0.0,0,0.0,0.0,0,0.0,0.0,0.0,0.0,0,1440,0.0,0
17881.0,12.417361111111111,3.64000010490417,0.0007599165145937725,3.64000010490417,1315.934028009075,3.55999994277954,4790,105,0.07291666666666667,35.0,3.55999994277954,0.9270833333333334,1335,10,0.9270833333333334,105,3.55999994277954,0,0.07291666666666667,2.08000005994524,0,0.0,0.0,0.0,0.9780219341156486,0,1440,0.0,2189
15742.0,10.931944444444444,2.6800000667572,0.0007813411273344606,2.6800000667572,1279.8507143883396,0.899999976158142,3430,65,0.04513888888888889,21.666666666666668,0.899999976158142,0.9548611111111112,1375,18,0.9548611111111112,65,0.899999976158142,0,0.04513888888888889,2.4738462154681846,0,0.0,0.0,0.0,0.3358208782610748,0,1440,0.0,2505
23321.0,16.195138888888888,8.06999969482422,0.0006692651928034682,8.06999969482422,1494.1760168508465,8.06999969482422,12058,344,0.2388888888888889,114.66666666666667,12.289999485015871,0.5027777777777778,724,8,0.6779026217228464,252,3.84999990463257,0,0.23595505617977527,1.40755808630655,3,0.0,0.0,0.08614232209737828,1.0,92,1068,4.21999979019165,1638
18069.0,12.547916666666667,1.96000003814697,0.0006705439747338248,1.96000003814697,1491.3265015869451,1.96000003814697,2923,180,0.125,60.0,1.96000003814697,0.6229166666666667,897,16,0.8328690807799443,180,1.96000003814697,0,0.1671309192200557,0.65333334604899,0,0.0,0.0,0.0,1.0,0,1077,0.0,2070
21769.0,15.11736111111111,6.96999979019165,0.0006692270561873884,6.96999979019165,1494.2611640614732,6.969999969005592,10415,274,0.19027777777777777,91.33333333333333,10.719999849796304,0.4166666666666667,600,12,0.6864988558352403,205,3.92000007629395,11,0.2345537757437071,1.5262773263193397,3,0.012585812356979404,0.699999988079071,0.06636155606407322,1.0000000256547987,58,874,2.34999990463257,1529
17402.0,12.084722222222222,3.23000001907349,0.0006493767629822054,3.23000001907349,1539.9380714018596,3.23000001907349,4974,151,0.10486111111111111,50.333333333333336,3.23000001907349,0.8951388888888889,1289,16,0.8951388888888889,151,3.23000001907349,0,0.10486111111111111,1.2834437161881418,0,0.0,0.0,0.0,1.0,0,1440,0.0,1446
18264.0,12.683333333333334,4.17000007629395,0.0007568058214689564,4.17000007629395,1321.3429014843,4.15999984741211,5510,227,0.15763888888888888,75.66666666666667,4.15999984741211,0.8423611111111111,1213,16,0.8423611111111111,227,4.15999984741211,0,0.15763888888888888,1.1022026633376079,1,0.0,0.0,0.0,0.9976018636213726,0,1440,0.0,2613
25026.0,17.379166666666666,11.8299999237061,0.0007799314295692313,11.8299999237061,1282.1639981252147,11.82000017166138,15168,371,0.25763888888888886,123.66666666666667,22.620000362396237,0.7423611111111111,1069,10,0.7423611111111111,258,4.92000007629395,46,0.17916666666666667,1.9132075348311752,4,0.03194444444444444,3.90000009536743,0.04652777777777778,0.9991547124168039,67,1440,3.0,3513
22564.0,15.669444444444444,7.86999988555908,0.0007803668701595518,7.86999988555908,1281.4485573888376,7.8599998056888545,10085,347,0.24097222222222223,115.66666666666667,9.439999788999552,0.7590277777777777,1093,10,0.7590277777777777,317,6.42999982833862,2,0.22013888888888888,1.3608068966384577,3,0.001388888888888889,0.150000005960464,0.019444444444444445,0.9987293418023327,28,1440,1.27999997138977,3164
24082.0,16.72361111111111,7.11999988555908,0.0007274956458116972,7.11999988555908,1374.5786737792203,7.100000232458119,9787,386,0.26805555555555555,128.66666666666666,9.010000228881841,0.7319444444444444,1054,13,0.7319444444444444,369,6.01000022888184,11,0.25625,1.1067357335065928,2,0.007638888888888889,0.819999992847443,0.004166666666666667,0.9971910599125816,6,1440,0.270000010728836,3328
24855.0,17.260416666666668,7.53999996185303,0.0006197090459318673,7.53999996185303,1613.6604856175409,7.53999996185303,12167,475,0.3298611111111111,158.33333333333334,7.53999996185303,0.3326388888888889,479,16,0.5020964360587002,475,7.53999996185303,0,0.4979035639412998,0.9524210478130143,3,0.0,0.0,0.0,1.0,0,954,0.0,1926
17294.0,12.009722222222223,1.76999998092651,0.0007266009773918349,1.76999998092651,1376.2712012713532,1.75999999046326,2436,125,0.08680555555555555,41.666666666666664,1.75999999046326,0.9131944444444444,1315,13,0.9131944444444444,125,1.75999999046326,0,0.08680555555555555,0.8495999908447247,0,0.0,0.0,0.0,0.9943502878129888,0,1440,0.0,2430
27252.0,18.925,10.3599996566772,0.0007926549086975669,10.3599996566772,1261.5830533909484,10.360000014305108,13070,293,0.20347222222222222,97.66666666666667,21.840000391006456,0.5118055555555555,737,7,0.7155339805825243,154,4.17999982833862,120,0.14951456310679612,2.121501636179631,4,0.11650485436893204,5.30000019073486,0.018446601941747572,1.0000000345200695,19,1030,0.879999995231628,4092
21081.0,14.639583333333333,5.96000003814697,0.0006688362740598103,5.96000003814697,1495.1342186183153,5.969999849796289,8911,233,0.16180555555555556,77.66666666666667,11.20999968051909,0.5076388888888889,731,9,0.758298755186722,188,3.05999994277954,33,0.1950207468879668,1.5347639583211081,2,0.03423236514522822,2.32999992370605,0.012448132780082987,1.001677820735791,12,964,0.579999983310699,1481
24443.0,16.974305555555556,3.98000001907349,0.0007474178439574628,3.98000001907349,1337.9396920806082,3.97000002861023,5325,251,0.17430555555555555,83.66666666666667,6.320000052452087,0.5270833333333333,759,12,0.7514851485148515,181,2.47000002861023,38,0.1792079207920792,0.9513944268701569,1,0.03762376237623762,0.850000023841858,0.031683168316831684,0.9974874395941365,32,1010,0.649999976158142,3088
19540.0,13.569444444444445,4.71999979019165,0.0007566527396908705,4.71999979019165,1321.6102282383179,4.71999979019165,6238,302,0.20972222222222223,100.66666666666667,4.71999979019165,0.7902777777777777,1138,16,0.7902777777777777,302,4.71999979019165,0,0.20972222222222223,0.9377483026870829,1,0.0,0.0,0.0,1.0,0,1440,0.0,2796
25216.0,17.511111111111113,9.97000026702881,0.0007692307898332544,9.97000026702881,1299.999965181801,9.970000147819515,12961,343,0.23819444444444443,114.33333333333333,12.830000162124627,0.7319444444444444,1054,9,0.7544738725841088,301,7.84000015258789,11,0.21546170365068004,1.7440233703257393,4,0.007874015748031496,0.730000019073486,0.02219040801717967,0.9999999880432004,31,1397,1.39999997615814,3288
20033.0,13.911805555555556,4.88000011444092,0.0006859713402362833,4.88000011444092,1457.7868510593303,4.88000002503395,7114,213,0.14791666666666667,71.0,7.91000002622604,0.5583333333333333,804,9,0.7905604719764012,190,3.22000002861023,15,0.18682399213372664,1.3746479195608226,1,0.014749262536873156,1.37000000476837,0.007866273352999017,0.9999999816789,8,1017,0.28999999165535,1407
17888.0,12.422222222222222,2.32999992370605,0.0007917091144091233,2.32999992370605,1263.0901701142225,2.32999992370605,2943,139,0.09652777777777778,46.333333333333336,2.32999992370605,0.43125,621,16,0.8171052631578948,139,2.32999992370605,0,0.18289473684210528,1.0057553627508127,0,0.0,0.0,0.0,1.0,0,760,0.0,2685
25999.0,18.054861111111112,10.4799995422363,0.0007383401114721925,9.5,1354.3893721364782,10.479999780654907,14194,374,0.25972222222222224,124.66666666666667,20.059999465942386,0.7402777777777778,1066,10,0.7402777777777778,304,5.30999994277954,53,0.2111111111111111,1.6812833490218662,4,0.03680555555555556,4.40999984741211,0.011805555555555555,1.0000000227498682,17,1440,0.759999990463257,2812
21450.0,14.895833333333334,6.98999977111816,0.0008114696739166658,6.98999977111816,1232.3319430698716,6.980000168085097,8614,254,0.1763888888888889,84.66666666666667,8.540000200271606,0.5173611111111112,745,9,0.7457457457457457,241,6.09000015258789,8,0.24124124124124124,1.6511810482956282,2,0.008008008008008008,0.670000016689301,0.005005005005005005,0.9985694415793289,5,999,0.219999998807907,3006
22224.0,15.433333333333334,7.21000003814697,0.000726887794953823,7.21000003814697,1375.7281480610457,7.210000097751619,9919,275,0.1909722222222222,91.66666666666667,10.530000150203707,0.8090277777777778,1165,10,0.8090277777777778,223,4.69000005722046,11,0.15486111111111112,1.5730909174138845,2,0.007638888888888889,0.800000011920929,0.02847222222222222,1.0000000082669416,41,1440,1.72000002861023,3123
16723.0,17.419791666666665,5.51000022888184,0.0006197278403871151,5.51000022888184,1613.6115482166279,5.51000022888184,8891,343,0.23819444444444443,114.33333333333333,5.51000022888184,0.22916666666666666,330,17,0.4903417533432392,343,5.51000022888184,0,0.5096582466567607,0.9638484365390975,2,0.0,0.0,0.0,1.0,0,673,0.0,1364
25369.0,17.617361111111112,7.40000009536743,0.0007551791096405174,7.40000009536743,1324.189172123714,7.40000009536743,9799,487,0.33819444444444446,162.33333333333334,7.40000009536743,0.3326388888888889,479,16,0.49585921325051757,487,7.40000009536743,0,0.5041407867494824,0.9117043238645703,2,0.0,0.0,0.0,1.0,0,966,0.0,2636
19866.0,13.795833333333333,4.90000009536743,0.0007935222826505959,4.90000009536743,1260.2040571056282,4.879999995231625,6175,182,0.12638888888888888,60.666666666666664,5.74000000953674,0.5326388888888889,767,9,0.8082191780821918,172,4.26999998092651,3,0.18124341412012646,1.6153846468244275,1,0.003161222339304531,0.25,0.007376185458377239,0.9959183469905004,7,949,0.360000014305115,2982
11913.0,13.236666666666666,2.58999991416931,0.0007687740914720422,2.58999991416931,1300.7722438788335,2.58999991416931,3369,108,0.075,36.0,2.58999991416931,0.5729166666666666,825,17,0.8842443729903537,108,2.58999991416931,0,0.1157556270096463,1.4388888412051724,0,0.0,0.0,0.0,1.0,0,933,0.0,1623
14672.0,10.188888888888888,0.0900000035762787,0.0006250000248352687,0.0900000035762787,1599.9999364217144,0.0900000035762787,144,9,0.00625,3.0,0.0900000035762787,0.99375,1431,18,0.99375,9,0.0900000035762787,0,0.00625,0.600000023841858,0,0.0,0.0,0.0,1.0,0,1440,0.0,1720
23247.0,16.14375,6.26000022888184,0.0006609650753755506,6.26000022888184,1512.939241807617,6.26000022888184,9471,360,0.25,120.0,6.26000022888184,0.40555555555555556,584,16,0.6186440677966102,360,6.26000022888184,0,0.3813559322033898,1.0433333714803068,2,0.0,0.0,0.0,1.0,0,944,0.0,2187
14416.0,10.011111111111111,0.0,0.0,0.0,0.0,0.0,4,1,0.0006944444444444445,0.3333333333333333,0.0,0.9993055555555556,1439,18,0.9993055555555556,1,0.0,0,0.0006944444444444445,0.0,0,0.0,0.0,0.0,0.0,0,1440,0.0,1348
18434.0,12.801388888888889,4.03000020980835,0.0007471264756782257,4.03000020980835,1338.461468779059,3.94000005722046,5394,164,0.11388888888888889,54.666666666666664,3.94000005722046,0.8861111111111111,1276,10,0.8861111111111111,164,3.94000005722046,0,0.11388888888888889,1.4743903206615914,1,0.0,0.0,0.0,0.9776674570961946,0,1440,0.0,2286
21916.0,15.219444444444445,7.96000003814697,0.0008114169253972446,7.96000003814697,1232.4120543953786,7.920000076293951,9810,286,0.1986111111111111,95.33333333333333,11.640000104904182,0.5444444444444444,784,8,0.7327102803738318,235,4.98000001907349,10,0.21962616822429906,1.6699300779329307,2,0.009345794392523364,0.779999971389771,0.038317757009345796,0.9949748791882757,41,1070,2.16000008583069,3069
22059.0,15.31875,8.1899995803833,0.000780074252822488,8.1899995803833,1281.9292476091478,8.179999895393843,10499,306,0.2125,102.0,12.53999968618154,0.7875,1134,10,0.7875,214,3.89000010490417,1,0.1486111111111111,1.6058822706633924,3,0.0006944444444444445,0.0700000002980232,0.06319444444444444,0.9987790371792681,91,1440,4.21999979019165,3093
16102.0,11.181944444444444,1.1599999666214,0.0006763848201874052,1.1599999666214,1478.4483184039095,1.1599999666214,1715,82,0.05694444444444444,27.333333333333332,1.1599999666214,0.9430555555555555,1358,16,0.9430555555555555,82,1.1599999666214,0,0.05694444444444444,0.8487804633815123,0,0.0,0.0,0.0,1.0,0,1440,0.0,1481
19699.0,13.67986111111111,2.55999994277954,0.0007483191881846069,2.55999994277954,1336.3281548692623,2.559999957680699,3421,115,0.0798611111111111,38.333333333333336,5.559999853372565,0.7631944444444444,1099,12,0.9052718286655683,70,0.990000009536743,34,0.057660626029654036,1.3356521440588904,0,0.02800658978583196,1.42999994754791,0.009060955518945634,1.0000000058207654,11,1214,0.140000000596046,2489
20994.0,14.579166666666667,6.78000020980835,0.0007804765983433119,6.78000020980835,1281.2683969290845,6.78000000119209,8687,270,0.1875,90.0,9.77000007033348,0.8125,1170,10,0.8125,212,4.07999992370605,4,0.14722222222222223,1.5066667132907443,2,0.002777777777777778,0.28999999165535,0.0375,0.9999999692306412,54,1440,2.41000008583069,2944
14400.0,10.0,0.0,0.0,0.0,0.0,0.0,0,0,0.0,0.0,0.0,1.0,1440,18,1.0,0,0.0,0,0.0,0.0,0,0.0,0.0,0.0,0.0,0,1440,0.0,1841
14400.0,10.0,0.0,0.0,0.0,0.0,0.0,0,0,0.0,0.0,0.0,1.0,1440,18,1.0,0,0.0,0,0.0,0.0,0,0.0,0.0,0.0,0.0,0,1440,0.0,1980
20582.0,14.293055555555556,3.6800000667572,0.0006202595763959548,3.6800000667572,1612.2282316228689,3.6800000667572,5933,288,0.2,96.0,3.6800000667572,0.7069444444444445,1018,16,0.77947932618683,288,3.6800000667572,0,0.22052067381316998,0.7666666805744167,1,0.0,0.0,0.0,1.0,0,1306,0.0,1595
25065.0,17.40625,11.3000001907349,0.0007588986024670854,11.3000001907349,1317.6990928025482,11.279999613761898,14890,297,0.20625,99.0,21.51999926567077,0.79375,1143,10,0.79375,231,5.96999979019165,58,0.16041666666666668,2.282828321360586,4,0.04027777777777778,4.92999982833862,0.005555555555555556,0.998230037465893,8,1440,0.379999995231628,3060
20899.0,14.513194444444444,6.05999994277954,0.0006725860091875183,6.05999994277954,1486.798693906816,6.059999942779539,9010,240,0.16666666666666666,80.0,9.9099998474121,0.44722222222222224,644,12,0.7285067873303167,183,3.25999999046326,15,0.20701357466063347,1.514999985694885,2,0.016968325791855202,1.04999995231628,0.04751131221719457,0.9999999999999999,42,884,1.75,1468
17716.0,12.302777777777777,2.25999999046326,0.0006619800792218102,2.25999999046326,1510.6194754010555,2.25999999046326,3414,147,0.10208333333333333,49.0,2.25999999046326,0.8979166666666667,1293,16,0.8979166666666667,147,2.25999999046326,0,0.10208333333333333,0.9224489756992897,0,0.0,0.0,0.0,1.0,0,1440,0.0,1657
26918.0,18.693055555555556,7.19000005722046,0.0007105445258642612,7.19000005722046,1407.371337895628,7.2000001072883535,10119,354,0.24583333333333332,118.0,10.720000028610219,0.7541666666666667,1086,12,0.7541666666666667,275,5.1100001335144,55,0.1909722222222222,1.2186440774949931,3,0.03819444444444445,1.42999994754791,0.016666666666666666,1.0013908275366217,24,1440,0.660000026226044,2793
27171.0,18.86875,9.34000015258789,0.0007694208874361884,9.34000015258789,1299.6787796236356,9.33000004291534,12139,322,0.22361111111111112,107.33333333333333,17.03999996185301,0.65625,945,12,0.7458563535911602,220,4.92000007629395,77,0.17363851617995266,1.7403726992399797,3,0.06077348066298342,3.29999995231628,0.01973164956590371,0.9989293244636854,25,1267,1.11000001430511,3544
22436.0,15.580555555555556,6.90000009536743,0.0006613629919838426,6.90000009536743,1512.0289646089398,6.900000005960457,10433,297,0.20625,99.0,12.479999840259536,0.4722222222222222,680,9,0.6960081883316275,254,3.90000009536743,36,0.2599795291709314,1.3939394132055414,3,0.0368474923234391,2.57999992370605,0.007164790174002047,0.999999987042468,7,977,0.419999986886978,2012
15490.0,10.756944444444445,0.850000023841858,0.0007264957468733829,0.850000023841858,1376.4705496263348,0.850000023841858,1170,51,0.035416666666666666,17.0,0.850000023841858,0.9645833333333333,1389,16,0.9645833333333333,51,0.850000023841858,0,0.035416666666666666,1.0000000280492447,0,0.0,0.0,0.0,1.0,0,1440,0.0,1886
18624.0,12.933333333333334,0.0,0.0,0.0,0.0,0.0,0,33,0.022916666666666665,11.0,0.0,0.9770833333333333,1407,12,0.9770833333333333,0,0.0,33,0.0,0.0,0,0.022916666666666665,0.0,0.0,0.0,0,1440,0.0,2664
21426.0,14.879166666666666,6.36999988555908,0.0007274180524790545,6.36999988555908,1374.7252994230498,6.369999945163723,8757,228,0.15833333333333333,76.0,11.439999938011166,0.8416666666666667,1212,10,0.8416666666666667,186,3.54999995231628,29,0.12916666666666668,1.6763157593576528,2,0.02013888888888889,2.25,0.009027777777777777,1.0000000093570869,13,1440,0.569999992847443,3011
18436.0,12.802777777777777,2.6800000667572,0.0006745532511344576,2.6800000667572,1482.4626496399046,2.6800000667572,3973,191,0.1326388888888889,63.666666666666664,2.6800000667572,0.8673611111111111,1249,16,0.8673611111111111,191,2.6800000667572,0,0.1326388888888889,0.8418848377247748,0,0.0,0.0,0.0,1.0,0,1440,0.0,1696
24207.0,16.810416666666665,8.47999954223633,0.0006611054449392944,8.47999954223633,1512.6180061817888,8.46999979019164,12827,271,0.18819444444444444,90.33333333333333,13.719999790191629,0.43125,621,12,0.6961883408071748,209,4.67999982833862,20,0.23430493273542602,1.8774906735578591,4,0.02242152466367713,1.46000003814697,0.04708520179372197,0.9988207838933382,42,892,2.32999992370605,2739
21525.0,14.947916666666666,5.3600001335144,0.0006708385648954193,5.3600001335144,1490.671604659305,5.359999895095823,7990,313,0.21736111111111112,104.33333333333333,7.049999892711638,0.43333333333333335,624,9,0.6659551760939167,289,4.11999988555908,6,0.3084311632870864,1.0274760639324727,2,0.0064034151547491995,0.449999988079071,0.0192102454642476,0.9999999555189234,18,937,0.790000021457672,2175
22820.0,15.847222222222221,5.11999988555908,0.0006720923976843108,5.11999988555908,1487.8906582569484,5.100000113248827,7618,412,0.2861111111111111,137.33333333333334,5.320000112056734,0.7138888888888889,1028,13,0.7138888888888889,404,4.88000011444092,0,0.28055555555555556,0.7456310512950117,2,0.0,0.0,0.005555555555555556,0.9960937943833431,8,1440,0.219999998807907,2004
21025.0,14.600694444444445,5.59999990463257,0.0006539000355712949,5.59999990463257,1529.2857403292946,5.560000002384189,8564,187,0.12986111111111112,62.333333333333336,9.949999928474428,0.8701388888888889,1253,10,0.8701388888888889,149,2.95000004768372,24,0.10347222222222222,1.796791413251092,2,0.016666666666666666,1.77999997138977,0.009722222222222222,0.9928571601911473,14,1440,0.829999983310699,2386
22830.0,15.854166666666666,7.09999990463257,0.0006609569823713061,7.09999990463257,1512.957766800971,7.09999990463257,10742,271,0.18819444444444444,90.33333333333333,13.429999828338632,0.4576388888888889,659,12,0.7086021505376344,195,2.86999988555908,35,0.20967741935483872,1.5719556984426355,3,0.03763440860215054,2.09999990463257,0.04408602150537634,1.0,41,930,2.13000011444092,2046
21990.0,15.270833333333334,7.75,0.0007280413339596054,7.75,1373.5483870967741,7.74999999999999,10645,218,0.15138888888888888,72.66666666666667,16.52999997138975,0.5166666666666667,744,9,0.7733887733887734,150,2.71000003814697,36,0.15592515592515593,2.13302752293578,3,0.037422037422037424,3.74000000953674,0.033264033264033266,0.9999999999999988,32,962,1.29999995231628,1545
19807.0,13.754861111111111,3.78999996185303,0.000746503833337213,3.78999996185303,1339.5778498946797,3.7899999916553497,5077,170,0.11805555555555555,56.666666666666664,4.649999976158143,0.5388888888888889,776,12,0.8202959830866807,144,3.25,15,0.1522198731501057,1.337647045359893,1,0.015856236786469344,0.319999992847443,0.011627906976744186,1.000000007863409,11,946,0.219999998807907,2551
24272.0,16.855555555555554,5.59000015258789,0.0007934705681459035,5.59000015258789,1260.286191001,5.57999992370605,7045,245,0.1701388888888889,81.66666666666667,8.92999982833861,0.5770833333333333,831,12,0.7723048327137546,166,3.77999997138977,74,0.15427509293680297,1.3689796292051977,1,0.0687732342007435,1.54999995231628,0.004646840148698885,0.9982110503383064,5,1076,0.25,3644
31326.0,21.754166666666666,19.5599994659424,0.0009131652411737815,19.5599994659424,1095.092054439787,19.520000129938122,21420,313,0.21736111111111112,104.33333333333333,46.37000066041944,0.7826388888888889,1127,2,0.7826388888888889,213,5.8899998664856,88,0.14791666666666667,3.749520664397904,4,0.06111111111111111,13.2200002670288,0.008333333333333333,0.9979550441157258,12,1440,0.409999996423721,3832
26725.0,18.55902777777778,10.2399997711182,0.0006693247775095235,10.2399997711182,1494.0430021444581,10.22999978065491,15299,375,0.2604166666666667,125.0,20.189999580383308,0.7395833333333334,1065,10,0.7395833333333334,261,4.36999988555908,64,0.18125,1.638399963378912,4,0.044444444444444446,4.09999990463257,0.034722222222222224,0.9990234384094916,50,1440,1.75999999046326,2889
23796.0,16.525,8.34000015258789,0.0007508778385331674,8.34000015258789,1331.774555969704,8.340000092983248,11107,206,0.14305555555555555,68.66666666666667,19.780000329017646,0.5756944444444444,829,9,0.8009661835748793,145,2.52999997138977,55,0.14009661835748793,2.429126258035308,3,0.05314009661835749,5.63000011444092,0.005797101449275362,0.9999999928531604,6,1035,0.180000007152557,2693
21306.0,14.795833333333333,5.44000005722046,0.0006604346312031637,5.44000005722046,1514.154395838123,5.4399999380111606,8237,272,0.18888888888888888,90.66666666666667,9.65999996662138,0.775,1116,12,0.8040345821325648,233,2.82999992370605,23,0.16786743515850144,1.2000000126221604,2,0.016570605187319884,1.61000001430511,0.011527377521613832,0.9999999780865261,16,1388,1.0,1973
22409.0,15.561805555555555,5.07999992370605,0.0006196633232137168,5.07999992370605,1613.7795517955938,5.07999992370605,8198,383,0.2659722222222222,127.66666666666667,5.07999992370605,0.3548611111111111,511,16,0.5715883668903803,383,5.07999992370605,0,0.42841163310961966,0.7958224423560392,2,0.0,0.0,0.0,1.0,0,894,0.0,1736
14400.0,10.0,0.0,0.0,0.0,0.0,0.0,0,0,0.0,0.0,0.0,1.0,1440,18,1.0,0,0.0,0,0.0,0.0,0,0.0,0.0,0.0,0.0,0,1440,0.0,1496
22478.0,15.609722222222222,2.35999989509583,0.0006712172625414762,2.35999989509583,1489.8305746989151,2.35999989509583,3516,243,0.16875,81.0,2.35999989509583,0.83125,1197,12,0.83125,197,2.35999989509583,46,0.13680555555555557,0.5827160234804519,0,0.03194444444444444,0.0,0.0,1.0,0,1440,0.0,1966
19241.0,13.361805555555556,2.59999990463257,0.0006200810647823921,2.59999990463257,1612.6923668455102,2.59999990463257,4193,229,0.15902777777777777,76.33333333333333,2.59999990463257,0.4618055555555556,665,16,0.743847874720358,229,2.59999990463257,0,0.25615212527964204,0.6812226824364812,0,0.0,0.0,0.0,1.0,0,894,0.0,1491
16682.0,11.584722222222222,2.67000007629395,0.0007269262391216854,2.67000007629395,1375.6553914029273,2.66000008583069,3673,86,0.059722222222222225,28.666666666666668,2.66000008583069,0.9402777777777778,1354,13,0.9402777777777778,86,2.66000008583069,0,0.059722222222222225,1.862790750902756,0,0.0,0.0,0.0,0.9962546853267732,0,1440,0.0,2344
23270.0,16.15972222222222,8.10999965667725,0.0007589368946918631,8.10999965667725,1317.6326081841246,8.080000236630433,10686,266,0.18472222222222223,88.66666666666667,10.440000325441344,0.8152777777777778,1174,10,0.8152777777777778,245,6.80000019073486,17,0.1701388888888889,1.8293232308294547,3,0.011805555555555555,1.08000004291534,0.002777777777777778,0.9963009344862157,4,1440,0.200000002980232,2847
17960.0,12.472222222222221,4.21999979019165,0.0006495305202696091,4.21999979019165,1539.5735362595694,4.19999980926514,6497,202,0.14027777777777778,67.33333333333333,4.19999980926514,0.8597222222222223,1238,15,0.8597222222222223,202,4.19999980926514,0,0.14027777777777778,1.2534652842153418,1,0.0,0.0,0.0,0.995260667791265,0,1440,0.0,1492
21451.0,14.896527777777777,4.82000017166138,0.0006612704310140458,4.82000017166138,1512.2406100428818,4.800000011920929,7289,328,0.22777777777777777,109.33333333333333,6.650000035762787,0.7722222222222223,1112,10,0.7722222222222223,308,3.5,8,0.21388888888888888,0.8817073484746426,1,0.005555555555555556,0.550000011920929,0.008333333333333333,0.9958505894132454,12,1440,0.75,1997
19454.0,13.509722222222223,6.28000020980835,0.0007565353824609504,6.28000020980835,1321.8152424637142,6.26999998092651,8301,258,0.17916666666666667,86.0,6.26999998092651,0.8208333333333333,1182,13,0.8208333333333333,258,6.26999998092651,0,0.17916666666666667,1.4604651650717093,2,0.0,0.0,0.0,0.9984076069191493,0,1440,0.0,2783
16411.0,11.396527777777777,1.1599999666214,0.0006925372935053135,1.1599999666214,1443.9655587909904,1.1599999666214,1675,95,0.06597222222222222,31.666666666666668,1.1599999666214,0.8104166666666667,1167,16,0.9247226624405706,95,1.1599999666214,0,0.07527733755942947,0.7326315578661474,0,0.0,0.0,0.0,1.0,0,1262,0.0,2351
27133.0,18.84236111111111,11.1000003814697,0.0007395070207508128,10.039999961853,1352.252205779888,11.09999990463257,15010,393,0.27291666666666664,131.0,21.049999713897698,0.7270833333333333,1047,10,0.7270833333333333,317,5.48000001907349,53,0.22013888888888888,1.6946565467892671,4,0.03680555555555556,4.32999992370605,0.01597222222222222,0.9999999570417015,23,1440,1.28999996185303,2933
19940.0,13.847222222222221,4.21000003814697,0.000701549748066484,4.21000003814697,1425.4156640438744,4.21000003814697,6001,249,0.17291666666666666,83.0,4.21000003814697,0.8270833333333333,1191,16,0.8270833333333333,249,4.21000003814697,0,0.17291666666666666,1.0144578405173421,1,0.0,0.0,0.0,1.0,0,1440,0.0,2069
19356.0,13.441666666666666,3.50999999046326,0.0006747404825957824,3.50999999046326,1482.051286078045,3.499999880790715,5202,234,0.1625,78.0,3.8899998664856,0.8375,1206,10,0.8375,223,3.10999989509583,0,0.15486111111111112,0.8999999975546821,1,0.0,0.0,0.007638888888888889,0.997150965897517,11,1440,0.389999985694885,1780
19426.0,13.490277777777777,3.91000008583069,0.00075878130910745,3.91000008583069,1317.9027843691804,3.89000010490417,5153,241,0.1673611111111111,80.33333333333333,3.89000010490417,0.5270833333333333,759,16,0.759,241,3.89000010490417,0,0.241,0.9734440047711261,1,0.0,0.0,0.0,0.9948849154763456,0,1000,0.0,2018
22711.0,15.771527777777777,6.07000017166138,0.0006853336537948944,6.07000017166138,1459.1432865768452,6.049999833106997,8857,403,0.2798611111111111,134.33333333333334,8.609999775886534,0.7201388888888889,1037,13,0.7201388888888889,376,4.6399998664856,18,0.2611111111111111,0.9037221099247711,2,0.0125,1.14999997615814,0.00625,0.9967050514021801,9,1440,0.259999990463257,2124
14400.0,10.0,0.0,0.0,0.0,0.0,0.0,0,0,0.0,0.0,0.0,1.0,1440,18,1.0,0,0.0,0,0.0,0.0,0,0.0,0.0,0.0,0.0,0,1440,0.0,1980
21416.0,14.872222222222222,5.40000009536743,0.0007552447685828574,5.40000009536743,1324.0740506900854,5.40000009536743,7150,312,0.21666666666666667,104.0,5.40000009536743,0.4875,702,16,0.6923076923076923,312,5.40000009536743,0,0.3076923076923077,1.0384615568014288,1,0.0,0.0,0.0,1.0,0,1014,0.0,2225
28334.0,19.676388888888887,7.42999982833862,0.0007550045552625363,7.42999982833862,1324.4953199683303,7.42999994754792,9841,291,0.20208333333333334,97.0,15.09999990463258,0.48055555555555557,692,12,0.7039674465920651,141,3.00999999046326,99,0.14343845371312308,1.531958727492499,2,0.10071210579857579,3.25,0.05188199389623601,1.0000000160443205,51,983,1.16999995708466,3580
25225.0,17.51736111111111,9.78999996185303,0.000769230766233443,9.78999996185303,1300.0000050654814,9.79000008106232,12727,342,0.2375,114.0,12.830000042915351,0.6833333333333333,984,9,0.7420814479638009,306,7.88000011444092,18,0.23076923076923078,1.7175438529566718,4,0.013574660633484163,1.12999999523163,0.013574660633484163,1.0000000121766386,18,1326,0.779999971389771,3290
21830.0,15.159722222222221,7.63000011444092,0.0006697094807724849,7.63000011444092,1493.184774458527,7.63000011444092,11393,227,0.15763888888888888,75.66666666666667,15.800000190734862,0.5048611111111111,727,9,0.7620545073375262,165,3.17000007629395,49,0.17295597484276728,2.016740118354428,3,0.051362683438155136,3.71000003814697,0.013626834381551363,1.0,13,954,0.75,1999
22650.0,15.729166666666666,8.60999965667725,0.0008112691658039433,8.60999965667725,1232.6365183730732,8.61000008881092,10613,300,0.20833333333333334,100.0,10.650000080466272,0.48680555555555555,701,8,0.7002997002997003,262,6.65000009536743,1,0.26173826173826176,1.72199993133545,3,0.000999000999000999,0.0799999982118607,0.03696303696303696,1.000000050189743,37,1001,1.87999999523163,3172
15258.0,10.595833333333333,0.519999980926514,0.0006735751048270906,0.519999980926514,1484.6154390707534,0.519999980926514,772,40,0.027777777777777776,13.333333333333334,0.519999980926514,0.9722222222222222,1400,16,0.9722222222222222,40,0.519999980926514,0,0.027777777777777776,0.7799999713897711,0,0.0,0.0,0.0,1.0,0,1440,0.0,1403
16741.0,11.625694444444445,0.779999971389771,0.0006398687214026013,0.779999971389771,1562.8205701444288,0.779999971389771,1219,84,0.058333333333333334,28.0,0.779999971389771,0.5923611111111111,853,16,0.9103521878335112,84,0.779999971389771,0,0.08964781216648879,0.5571428367069793,0,0.0,0.0,0.0,1.0,0,937,0.0,1963
22082.0,15.334722222222222,6.03000020980835,0.0006818182055414236,6.03000020980835,1466.6666156353397,6.020000070333479,8844,401,0.27847222222222223,133.66666666666666,7.730000048875807,0.7215277777777778,1039,13,0.7215277777777778,370,4.65000009536743,6,0.2569444444444444,0.9022444204202019,2,0.004166666666666667,0.340000003576279,0.017361111111111112,0.9983416021348384,25,1440,1.02999997138977,2065
19600.0,13.61111111111111,5.03999996185303,0.0007006812125473419,5.03999996185303,1427.1825504846606,5.039999872446058,7193,186,0.12916666666666668,62.0,5.4599998593330366,0.49583333333333335,714,9,0.7933333333333333,176,4.61999988555908,0,0.19555555555555557,1.625806439307429,1,0.0,0.0,0.011111111111111112,0.9999999822605213,10,900,0.419999986886978,1377
16354.0,11.356944444444444,2.03999996185303,0.0006509253228631238,2.03999996185303,1536.2745385314797,2.03999996185303,3134,112,0.07777777777777778,37.333333333333336,2.03999996185303,0.9222222222222223,1328,16,0.9222222222222223,112,2.03999996185303,0,0.07777777777777778,1.092857122421266,0,0.0,0.0,0.0,1.0,0,1440,0.0,1359
14400.0,10.0,5.19999980926514,0.0006707080883870941,5.19999980926514,1490.9615931496828,0.0,7753,0,0.0,0.0,0.0,1.0,1440,14,1.0,0,0.0,0,0.0,5.19999980926514,2,0.0,0.0,0.0,0.0,0,1440,0.0,2115
18973.0,13.175694444444444,2.65000009536743,0.0006717363993326819,2.65000009536743,1488.6791917088647,2.65000009536743,3945,225,0.15625,75.0,2.65000009536743,0.49722222222222223,716,16,0.7608926673751328,225,2.65000009536743,0,0.23910733262486716,0.7066666920979813,0,0.0,0.0,0.0,1.0,0,941,0.0,2180
14400.0,10.0,0.0,0.0,0.0,0.0,0.0,0,0,0.0,0.0,0.0,1.0,1440,18,1.0,0,0.0,0,0.0,0.0,0,0.0,0.0,0.0,0.0,0,1440,0.0,1841
15926.0,11.059722222222222,9.6899995803833,0.0007797537282033717,9.6899995803833,1282.4561958864847,1.17999994754791,12427,70,0.04861111111111111,23.333333333333332,1.17999994754791,0.9513888888888888,1370,18,0.9513888888888888,70,1.17999994754791,0,0.04861111111111111,8.305713926042829,3,0.0,0.0,0.0,0.12177502566013873,0,1440,0.0,3266
16313.0,11.328472222222222,1.02999997138977,0.0006640876669179691,1.02999997138977,1505.8252845456384,1.02999997138977,1551,86,0.059722222222222225,28.666666666666668,1.02999997138977,0.5986111111111111,862,16,0.9092827004219409,86,1.02999997138977,0,0.09071729957805907,0.7186046312021651,0,0.0,0.0,0.0,1.0,0,948,0.0,1466
17299.0,12.013194444444444,5.5,0.0006704046806435885,5.5,1491.6363636363637,2.429999887943267,8204,119,0.08263888888888889,39.666666666666664,4.079999804496765,0.8569444444444444,1234,14,0.9120473022912047,96,1.30999994277954,8,0.07095343680709534,2.773109243697479,2,0.005912786400591279,0.529999971389771,0.011086474501108648,0.44181816144423036,15,1353,0.589999973773956,2135
24860.0,17.26388888888889,11.1199998855591,0.0007267973781411176,11.1199998855591,1375.8992947355355,11.070000052452091,15300,305,0.21180555555555555,101.66666666666667,21.14999985694886,0.7881944444444444,1135,10,0.7881944444444444,212,5.09000015258789,51,0.14722222222222223,2.1875409610935934,4,0.035416666666666666,4.09999990463257,0.029166666666666667,0.9955036120843903,42,1440,1.87999999523163,3493
21166.0,14.698611111111111,5.67000007629395,0.0006604542896090798,5.67000007629395,1514.109327069245,5.679999947547911,8585,190,0.13194444444444445,63.333333333333336,10.86999988555908,0.6,864,12,0.8197343453510436,139,2.52999997138977,30,0.1318785578747628,1.7905263398823,2,0.028462998102466792,2.03999996185303,0.019924098671726755,1.0017636457000716,21,1054,1.11000001430511,2395
19649.0,13.645138888888889,3.73000001907349,0.0007561321749591506,3.73000001907349,1322.5201004758515,3.73000001907349,4933,236,0.1638888888888889,78.66666666666667,3.73000001907349,0.8361111111111111,1204,16,0.8361111111111111,236,3.73000001907349,0,0.1638888888888889,0.9483050895949551,0,0.0,0.0,0.0,1.0,0,1440,0.0,2044
37117.0,25.775694444444444,25.2900009155273,0.0008623747157991987,25.2900009155273,1159.5887282864715,25.159999847412166,29326,552,0.38333333333333336,184.0,52.84999942779554,0.6166666666666667,888,2,0.6166666666666667,429,10.710000038147,94,0.29791666666666666,2.748913142992098,4,0.06527777777777778,13.2399997711182,0.02013888888888889,0.9948595862629914,29,1440,1.21000003814697,4547
26481.0,18.389583333333334,10.6400003433228,0.0007406891989782666,10.6400003433228,1350.0939413986812,10.629999816417701,14365,245,0.1701388888888889,81.66666666666667,26.359999537467974,0.5534722222222223,797,9,0.7648752399232246,145,2.53999996185303,87,0.13915547024952016,2.605714369793339,4,0.08349328214971209,7.6399998664856,0.012476007677543186,0.9990601008851119,13,1042,0.449999988079071,2997
24700.0,17.15277777777778,10.789999961853,0.0007475923205053004,10.789999961853,1337.627437537208,10.76000022888184,14433,201,0.13958333333333334,67.0,26.180000543594357,0.8208333333333333,1182,9,0.8546637744034707,106,2.45000004768372,72,0.07664497469269703,3.2208955110008954,4,0.052060737527114966,7.1100001335144,0.016630513376717282,0.997219672560035,23,1383,1.20000004768372,2800
26260.0,18.23611111111111,10.1300001144409,0.0007688804640941859,10.1300001144409,1300.5922854056316,10.12999963760376,13175,340,0.2361111111111111,113.33333333333333,16.43999934196473,0.7638888888888888,1100,10,0.7638888888888888,262,5.92999982833862,33,0.18194444444444444,1.7876470790189822,4,0.022916666666666665,2.10999989509583,0.03125,0.9999999529282196,45,1440,2.08999991416931,3425
23469.0,16.297916666666666,7.92000007629395,0.0007690067070874793,7.92000007629395,1300.3787753521424,7.920000016689298,10299,294,0.20416666666666666,98.0,10.189999997615812,0.45,648,9,0.6878980891719745,267,6.46000003814697,13,0.28343949044585987,1.6163265461824385,3,0.013800424628450107,0.810000002384186,0.014861995753715499,0.9999999924741602,14,942,0.649999976158142,3061
20397.0,14.164583333333333,5.1100001335144,0.0006687606508983641,5.1100001335144,1495.3032877407982,5.109999954700472,7641,242,0.16805555555555557,80.66666666666667,6.7199999690055865,0.55625,801,9,0.7679769894534996,214,3.8199999332428,5,0.20517737296260785,1.2669421818630744,2,0.004793863854266539,0.319999992847443,0.02205177372962608,0.99999996500706,23,1043,0.970000028610229,1433
20080.0,13.944444444444445,5.44000005722046,0.0008109719822928532,5.44000005722046,1233.08822232392,5.44000005722046,6708,197,0.13680555555555557,65.66666666666667,7.570000052452087,0.5256944444444445,757,9,0.7935010482180294,179,4.19000005722046,10,0.18763102725366876,1.656852809305724,1,0.010482180293501049,0.879999995231628,0.008385744234800839,1.0,8,954,0.370000004768372,2812
23841.0,16.55625,7.28999996185303,0.0007023798017008412,7.28999996185303,1423.731145996026,7.2799998223781595,10379,321,0.22291666666666668,107.0,12.839999616146098,0.7770833333333333,1119,10,0.7770833333333333,277,4.32999992370605,36,0.19236111111111112,1.3626168152996319,3,0.025,2.60999989509583,0.005555555555555556,0.9986282387479837,8,1440,0.340000003576279,2473
24418.0,16.956944444444446,7.01000022888184,0.0006606352114675186,7.01000022888184,1513.6946724026786,7.0200002193451,10611,392,0.2722222222222222,130.66666666666666,9.54000020027162,0.7277777777777777,1048,10,0.7277777777777777,370,5.51000022888184,14,0.2569444444444444,1.072959218706404,3,0.009722222222222222,1.00999999046326,0.005555555555555556,1.0014265321165123,8,1440,0.5,2262
24668.0,17.130555555555556,7.42000007629395,0.0006693730334951691,7.42000007629395,1493.9352946120991,7.42000007629395,11085,419,0.29097222222222224,139.66666666666666,7.42000007629395,0.7090277777777778,1021,16,0.7090277777777778,419,7.42000007629395,0,0.29097222222222224,1.0625298438607087,3,0.0,0.0,0.0,1.0,0,1440,0.0,2667
7911.0,13.185,1.4099999666214,0.0007168276393601424,1.4099999666214,1395.0354940172565,1.41999994218349,1967,56,0.03888888888888889,18.666666666666668,1.919999927282328,0.38263888888888886,551,17,0.9077429983525536,49,1.04999995231628,2,0.08072487644151564,1.5107142499515,0,0.0032948929159802307,0.129999995231628,0.008237232289950576,1.0070921814176006,5,607,0.239999994635582,1032
14400.0,10.0,0.0,0.0,0.0,0.0,0.0,0,0,0.0,0.0,0.0,1.0,1440,18,1.0,0,0.0,0,0.0,0.0,0,0.0,0.0,0.0,0.0,0,1440,0.0,1347
18844.0,13.08611111111111,2.67000007629395,0.000665171917362718,2.67000007629395,1503.370743558767,2.65000009536743,4014,184,0.12777777777777777,61.333333333333336,2.65000009536743,0.15138888888888888,218,16,0.5422885572139303,184,2.65000009536743,0,0.4577114427860697,0.8706521987915055,0,0.0,0.0,0.0,0.9925093706535466,0,402,0.0,1763
19469.0,14.749242424242425,6.78999996185303,0.0007803700680212653,6.78999996185303,1281.4433061683621,6.780000090599062,8701,253,0.17569444444444443,84.33333333333333,10.760000109672546,0.7680555555555556,1106,8,0.8138337012509198,177,3.17000007629395,5,0.13024282560706402,1.610276670795185,2,0.003679175864606328,0.370000004768372,0.05224429727740986,0.9985272649027763,71,1359,3.24000000953674,2804
23102.0,16.043055555555554,4.94999980926514,0.0006280928574121482,4.94999980926514,1592.1212734692986,4.939999997615814,7881,242,0.16805555555555557,80.66666666666667,6.370000004768372,0.8319444444444445,1198,10,0.8319444444444445,182,4.0,24,0.12638888888888888,1.2272726799830926,2,0.016666666666666666,0.490000009536743,0.025,0.9979798359525976,36,1440,0.449999988079071,2616
18533.0,12.870138888888889,3.58999991416931,0.000692649028394619,3.58999991416931,1443.7326250463975,3.570000112056734,5183,138,0.09583333333333334,46.0,8.02000033855439,0.6013888888888889,866,9,0.8625498007968128,108,1.25,26,0.10756972111553785,1.5608695278997002,1,0.025896414342629483,2.13000011444092,0.00398406374501992,0.9944290243479842,4,1004,0.189999997615814,2123
19724.0,13.697222222222223,3.57999992370605,0.0007682403269755471,3.57999992370605,1301.676005393856,3.57999992370605,4660,201,0.13958333333333334,67.0,3.57999992370605,0.5006944444444444,721,16,0.7819956616052061,201,3.57999992370605,0,0.21800433839479394,1.0686566936435968,0,0.0,0.0,0.0,1.0,0,922,0.0,2572
17850.0,12.395833333333334,2.61999988555908,0.000681759012635722,2.61999988555908,1466.7939571989505,2.60999989509583,3843,206,0.14305555555555555,68.66666666666667,2.60999989509583,0.8569444444444444,1234,13,0.8569444444444444,206,2.60999989509583,0,0.14305555555555555,0.7631067627841981,0,0.0,0.0,0.0,0.9961832095801348,0,1440,0.0,1669
23628.0,16.408333333333335,9.51000022888184,0.0006635964153849584,9.51000022888184,1506.940026823217,9.51999986171722,14331,314,0.21805555555555556,104.66666666666667,18.03999996185302,0.48055555555555557,692,12,0.6878727634194831,241,4.42999982833862,44,0.23956262425447317,1.8171974959646826,4,0.0437375745526839,3.4300000667572,0.02882703777335984,1.001051486077257,29,1006,1.6599999666214,2156
20642.0,14.334722222222222,4.19999980926514,0.0006744820634760142,4.19999980926514,1482.619114949321,4.19999980926514,6227,290,0.2013888888888889,96.66666666666667,4.19999980926514,0.7986111111111112,1150,16,0.7986111111111112,290,4.19999980926514,0,0.2013888888888889,0.8689654777789946,1,0.0,0.0,0.0,1.0,0,1440,0.0,1899
19645.0,13.64236111111111,3.13000011444092,0.0007164111042437446,3.13000011444092,1395.8465943316394,3.09999990463257,4369,177,0.12291666666666666,59.0,3.09999990463257,0.59375,855,17,0.8284883720930233,177,3.09999990463257,0,0.17151162790697674,1.0610169879460747,0,0.0,0.0,0.0,0.9904152687822797,0,1032,0.0,2704
22596.0,15.691666666666666,8.05000019073486,0.0008106747422693716,8.05000019073486,1233.5403434435846,8.05000013113022,9930,298,0.20694444444444443,99.33333333333333,11.090000033378601,0.48055555555555557,692,9,0.6989898989898989,267,6.07000017166138,12,0.2696969696969697,1.6208054075305087,2,0.012121212121212121,1.05999994277954,0.01919191919191919,0.9999999925956972,19,990,0.920000016689301,3165
14400.0,10.0,0.0,0.0,0.0,0.0,0.0,0,0,0.0,0.0,0.0,1.0,1440,18,1.0,0,0.0,0,0.0,0.0,0,0.0,0.0,0.0,0.0,0,1440,0.0,1980
28052.0,19.480555555555554,5.92000007629395,0.000747097435170867,5.92000007629395,1338.5134962634322,5.919999957084656,7924,298,0.20694444444444443,99.33333333333333,12.20999979972839,0.5131944444444444,739,12,0.712632594021215,165,2.47000002861023,97,0.15911282545805208,1.1919463240860302,2,0.0935390549662488,2.83999991416931,0.03471552555448409,0.9999999798632951,36,1037,0.610000014305115,3544
14400.0,10.0,0.0,0.0,0.0,0.0,0.0,0,0,0.0,0.0,0.0,1.0,1440,18,1.0,0,0.0,0,0.0,0.0,0,0.0,0.0,0.0,0.0,0,1440,0.0,1841
21335.0,14.815972222222221,5.07000017166138,0.0006855057019552974,5.07000017166138,1458.777070923928,5.05999989807605,7396,325,0.22569444444444445,108.33333333333333,7.939999848604192,0.7743055555555556,1115,10,0.7743055555555556,303,3.57999992370605,20,0.21041666666666667,0.9360000316913316,1,0.013888888888888888,1.39999997615814,0.001388888888888889,0.9980275595174087,2,1440,0.0799999982118607,1995
21060.5,14.696180555555555,0.0,0.0,0.0,0.0,0.0,0,0,0.0,0.0,0.0,1.0,1440,18,1.0,0,0.0,0,0.0,0.0,0,0.0,0.0,0.0,0.0,0,1440,0.0,0
24942.0,17.320833333333333,4.44000005722046,0.0006616003661481835,4.44000005722046,1511.4864670072184,4.44000005722046,6711,389,0.2701388888888889,129.66666666666666,4.44000005722046,0.45,648,11,0.6248794599807136,382,4.44000005722046,0,0.36837029893924783,0.6848329137100966,1,0.0,0.0,0.006750241080038573,1.0,7,1037,0.0,2346
22444.0,15.58611111111111,9.0600004196167,0.0007934145213781154,9.0600004196167,1260.3752175635223,9.060000240802765,11419,208,0.14444444444444443,69.33333333333333,21.68000066280365,0.46458333333333335,669,9,0.7628278221208666,127,2.47000002861023,71,0.14481185860889395,2.613461659504817,3,0.08095781071835804,6.03000020980835,0.011402508551881414,0.9999999802633636,10,877,0.560000002384186,3369
21534.0,14.954166666666667,4.6399998664856,0.000682553672622183,4.6399998664856,1465.0862490539032,4.629999950528142,6798,370,0.2569444444444444,123.33333333333333,6.990000039339055,0.7430555555555556,1070,13,0.7430555555555556,343,3.34999990463257,20,0.23819444444444443,0.7524324107814486,1,0.013888888888888888,1.08000004291534,0.004861111111111111,0.9978448456368099,7,1440,0.200000002980232,2014
21848.0,15.172222222222222,7.42999982833862,0.0008105159625110309,7.42999982833862,1233.7819935118061,7.420000135898586,9167,291,0.20208333333333334,97.0,9.220000147819515,0.5069444444444444,730,9,0.7149853085210578,270,6.1100001335144,6,0.2644466209598433,1.531958727492499,2,0.005876591576885406,0.490000009536743,0.014691478942213516,0.9986541463430598,15,1021,0.819999992847443,3064
20345.0,14.128472222222221,3.73000001907349,0.0006199102574494748,3.73000001907349,1613.1367209736873,3.73000001907349,6017,260,0.18055555555555555,86.66666666666667,3.73000001907349,0.5701388888888889,821,16,0.759481961147086,260,3.73000001907349,0,0.24051803885291398,0.8607692351708054,1,0.0,0.0,0.0,1.0,0,1081,0.0,1576
17178.0,11.929166666666667,1.38999998569489,0.0006708494139454102,1.38999998569489,1490.6474973553068,1.38999998569489,2072,137,0.09513888888888888,45.666666666666664,1.38999998569489,0.5840277777777778,841,16,0.8599182004089979,137,1.38999998569489,0,0.14008179959100203,0.6087591178225795,0,0.0,0.0,0.0,1.0,0,978,0.0,1974
14505.0,10.072916666666666,0.0399999991059303,0.0006451612759021016,0.0399999991059303,1550.0000346452016,0.0399999991059303,62,2,0.001388888888888889,0.6666666666666666,0.0399999991059303,0.9986111111111111,1438,18,0.9986111111111111,2,0.0399999991059303,0,0.001388888888888889,1.199999973177909,0,0.0,0.0,0.0,1.0,0,1440,0.0,1995
30101.0,20.903472222222224,17.6200008392334,0.0009093255322925839,17.6200008392334,1099.7161791760188,17.59999981522558,19377,321,0.22291666666666668,107.0,42.59999972581856,0.7770833333333333,1119,9,0.7770833333333333,226,4.8899998664856,82,0.15694444444444444,3.2934581007912898,4,0.05694444444444444,12.289999961853,0.009027777777777777,0.9988648681580489,13,1440,0.419999986886978,3659
22122.0,15.3625,6.84000015258789,0.0007272727434968516,6.84000015258789,1374.9999693262655,6.829999879002572,9405,283,0.19652777777777777,94.33333333333333,9.549999818205837,0.8034722222222223,1157,10,0.8034722222222223,227,4.30999994277954,3,0.15763888888888888,1.450176710796019,2,0.0020833333333333333,0.200000002980232,0.03680555555555556,0.9985379717306682,53,1440,2.3199999332428,3108
24403.0,16.946527777777778,8.02000045776367,0.0007675376072125246,8.02000045776367,1302.8677560591614,8.029999941587445,10449,385,0.2673611111111111,128.33333333333334,12.569999873638148,0.4076388888888889,587,9,0.6039094650205762,349,5.51999998092651,26,0.35905349794238683,1.2498702012099225,3,0.026748971193415638,2.02999997138977,0.0102880658436214,1.0012468183607264,10,972,0.479999989271164,2536
23211.0,16.11875,8.77999973297119,0.0007072659685009819,8.77999973297119,1413.8952594021378,8.65000009536743,12414,307,0.21319444444444444,102.33333333333333,15.58000016212463,0.5125,738,6,0.7062200956937799,221,3.96000003814697,19,0.21148325358851675,1.7159608598640763,3,0.01818181818181818,2.24000000953674,0.06411483253588517,0.9851936626927701,67,1045,2.45000004768372,1638
22304.0,15.488888888888889,4.90000009536743,0.0006725226592598723,4.90000009536743,1486.9387465703007,4.8800000846386,7286,412,0.2861111111111111,137.33333333333334,5.8000001013279,0.7138888888888889,1028,15,0.7138888888888889,366,4.42000007629395,46,0.25416666666666665,0.7135922468981695,1,0.03194444444444444,0.46000000834465,0.0,0.9959183652368214,0,1440,0.0,2241
2445.0,10.1875,0.0099999997764825,0.0005882352809695588,0.0099999997764825,1700.0000379979758,0.0099999997764825,17,2,0.001388888888888889,0.6666666666666666,0.0099999997764825,0.0,0,17,0.0,2,0.0099999997764825,0,1.0,0.299999993294475,0,0.0,0.0,0.0,1.0,0,2,0.0,257
27215.0,18.899305555555557,10.9099998474121,0.0007550172904783461,10.9099998474121,1324.4729791107745,10.909999549388887,14450,540,0.375,180.0,12.919999539852142,0.3486111111111111,502,8,0.4817658349328215,518,9.47999954223633,7,0.4971209213051823,1.2122222052680112,4,0.0067178502879078695,0.579999983310699,0.014395393474088292,0.9999999726834814,15,1042,0.850000023841858,2828
19391.0,13.465972222222222,2.69000005722046,0.0006541828932929134,2.69000005722046,1528.6245027997782,2.6800000667572,4112,272,0.18888888888888888,90.66666666666667,2.6800000667572,0.3076388888888889,443,16,0.6195804195804195,272,2.6800000667572,0,0.3804195804195804,0.5933823655633368,0,0.0,0.0,0.0,0.9962825315053737,0,715,0.0,1776
22893.0,15.897916666666667,6.21000003814697,0.000670698783685816,6.21000003814697,1490.982277475611,6.209999829530713,9259,398,0.2763888888888889,132.66666666666666,6.489999830722806,0.37777777777777777,544,9,0.5774946921443737,390,5.92999982833862,0,0.4140127388535032,0.9361809102734125,2,0.0,0.0,0.008492569002123142,0.9999999664064001,8,942,0.280000001192093,2314
19572.0,13.591666666666667,3.82999992370605,0.0007277218171586643,3.82999992370605,1374.1514634045543,3.820000052452091,5263,177,0.12291666666666666,59.0,4.410000056028369,0.8770833333333333,1263,10,0.8770833333333333,170,3.45000004768372,3,0.11805555555555555,1.2983050588834066,1,0.0020833333333333333,0.219999998807907,0.002777777777777778,0.9973890675057031,4,1440,0.150000005960464,2750
14400.0,10.0,0.0,0.0,0.0,0.0,0.0,0,0,0.0,0.0,0.0,1.0,1440,18,1.0,0,0.0,0,0.0,0.0,0,0.0,0.0,0.0,0.0,0,1440,0.0,2064
23278.0,16.165277777777778,7.44000005722046,0.0007563281546427224,7.44000005722046,1322.1774091860752,7.410000026226044,9837,385,0.2673611111111111,128.33333333333334,11.480000078678131,0.7326388888888888,1055,5,0.7326388888888888,282,4.0,8,0.19583333333333333,1.1594805283979936,2,0.005555555555555556,0.660000026226044,0.06597222222222222,0.9959677378005796,95,1440,2.75,3327
21792.0,15.133333333333333,3.89000010490417,0.0007472147723596177,3.89000010490417,1338.3033058114145,3.8899998664855895,5206,175,0.12152777777777778,58.333333333333336,7.259999752044669,0.43819444444444444,631,12,0.78287841191067,141,2.07999992370605,25,0.17493796526054592,1.3337143216814298,1,0.031017369727047148,1.55999994277954,0.011166253101736972,0.9999999387098781,9,806,0.25,2755
18164.0,12.613888888888889,2.26999998092651,0.0006621936933857964,2.26999998092651,1510.1321712790707,2.26999998092651,3428,190,0.13194444444444445,63.333333333333336,2.26999998092651,0.7784722222222222,1121,16,0.855072463768116,190,2.26999998092651,0,0.14492753623188406,0.7168420992399506,0,0.0,0.0,0.0,1.0,0,1311,0.0,1692
23758.0,16.49861111111111,5.53999996185303,0.0007551799293692789,5.53999996185303,1324.1877347497743,5.53999996185303,7336,412,0.2861111111111111,137.33333333333334,5.53999996185303,0.31666666666666665,456,16,0.5253456221198156,412,5.53999996185303,0,0.47465437788018433,0.8067961109494705,1,0.0,0.0,0.0,1.0,0,868,0.0,2469
14400.0,10.0,0.0,0.0,0.0,0.0,0.0,0,0,0.0,0.0,0.0,1.0,1440,18,1.0,0,0.0,0,0.0,0.0,0,0.0,0.0,0.0,0.0,0,1440,0.0,1980
14679.0,10.19375,0.159999996423721,0.0006557376902611517,0.159999996423721,1525.0000340864099,0.159999996423721,244,12,0.008333333333333333,4.0,0.159999996423721,0.9916666666666667,1428,18,0.9916666666666667,12,0.159999996423721,0,0.008333333333333333,0.799999982118605,0,0.0,0.0,0.0,1.0,0,1440,0.0,1721
18143.0,12.599305555555556,1.77999997138977,0.000715721741612292,1.77999997138977,1397.1910336932342,1.780000001192093,2487,93,0.06458333333333334,31.0,3.359999984502793,0.9354166666666667,1347,10,0.9354166666666667,50,0.680000007152557,9,0.034722222222222224,1.1483870783159806,0,0.00625,0.479999989271164,0.02361111111111111,1.0000000167428782,34,1440,0.620000004768372,2319
14400.0,10.0,0.0,0.0,0.0,0.0,0.0,0,0,0.0,0.0,0.0,1.0,1440,18,1.0,0,0.0,0,0.0,0.0,0,0.0,0.0,0.0,0.0,0,1440,0.0,2060
22275.0,15.46875,6.38000011444092,0.0006728538403755453,6.38000011444092,1486.2068698929654,6.389999866485594,9482,303,0.21041666666666667,101.0,9.449999809265128,0.4534722222222222,653,9,0.6830543933054394,277,4.59999990463257,15,0.2897489539748954,1.2633663592952318,2,0.015690376569037656,1.26999998092651,0.011506276150627616,1.0015673592265366,11,956,0.519999980926514,2095
19922.0,13.834722222222222,4.30000019073486,0.0006641952719701668,4.30000019073486,1505.5813285658503,4.299999833106992,6474,258,0.17916666666666667,86.0,7.379999756813046,0.8208333333333333,1182,14,0.8208333333333333,224,2.11999988555908,11,0.15555555555555556,1.0000000443569441,1,0.007638888888888889,0.899999976158142,0.01597222222222222,0.9999999168307321,23,1440,1.27999997138977,1655
24565.0,17.05902777777778,7.07000017166138,0.0006806585319785674,7.07000017166138,1469.1654523056623,7.049999713897703,10387,235,0.16319444444444445,78.33333333333333,16.139999389648438,0.5041666666666667,726,12,0.7554630593132154,132,2.11999988555908,70,0.13735691987513007,1.8051064268071608,3,0.07284079084287201,4.15999984741211,0.03433922996878252,0.9971710810073465,33,961,0.769999980926514,2781
17496.0,12.15,1.5,0.0006188118811881188,1.5,1616.0,1.5,2424,141,0.09791666666666667,47.0,1.5,0.5451388888888888,785,16,0.847732181425486,141,1.5,0,0.15226781857451405,0.6382978723404255,0,0.0,0.0,0.0,1.0,0,926,0.0,1356
21498.0,14.929166666666667,4.09000015258789,0.0006822352214491893,4.09000015258789,1465.7701164648486,4.09000015258789,5995,416,0.28888888888888886,138.66666666666666,4.09000015258789,0.7111111111111111,1024,16,0.7111111111111111,416,4.09000015258789,0,0.28888888888888886,0.5899038681617148,1,0.0,0.0,0.0,1.0,0,1440,0.0,2010
23884.0,16.586111111111112,5.21999979019165,0.0007930719827091539,5.21999979019165,1260.9195909102411,5.22000008821488,6582,228,0.15833333333333333,76.0,7.180000126361852,0.5833333333333334,840,12,0.7865168539325843,152,3.92000007629395,63,0.14232209737827714,1.3736841553135923,1,0.05898876404494382,0.660000026226044,0.012172284644194757,1.000000057092575,13,1068,0.639999985694885,3586
19234.0,13.356944444444444,3.17000007629395,0.0006600041799487717,3.17000007629395,1515.141919370296,3.17000007629395,4803,222,0.15416666666666667,74.0,3.17000007629395,0.8458333333333333,1218,16,0.8458333333333333,222,3.17000007629395,0,0.15416666666666667,0.8567567773767433,0,0.0,0.0,0.0,1.0,0,1440,0.0,1788
14636.0,14.349019607843138,4.75,0.0007567309224151664,4.75,1321.4736842105262,4.73000001907349,6277,264,0.18333333333333332,88.0,4.73000001907349,0.5555555555555556,800,15,0.7518796992481203,264,4.73000001907349,0,0.24812030075187969,1.0795454545454544,1,0.0,0.0,0.0,0.9957894776996821,0,1064,0.0,2175
33858.0,23.5125,8.13000011444092,0.0006592604698703308,8.13000011444092,1516.8511471599213,8.029999747872349,12332,404,0.28055555555555556,134.66666666666666,9.149999722838398,0.7194444444444444,1036,7,0.7194444444444444,271,6.98999977111816,105,0.18819444444444444,1.2074257595704336,3,0.07291666666666667,0.0799999982118607,0.019444444444444445,0.9876998320835266,28,1440,0.959999978542328,4142
18087.0,12.560416666666667,2.59999990463257,0.0007640317086783926,2.59999990463257,1308.8462018543455,2.59999990463257,3403,141,0.09791666666666667,47.0,2.59999990463257,0.5263888888888889,758,16,0.8431590656284761,141,2.59999990463257,0,0.1568409343715239,1.1063829381415191,0,0.0,0.0,0.0,1.0,0,899,0.0,1879
14400.0,10.0,9.36999988555908,0.0007798585006707516,9.36999988555908,1282.2839003997597,0.0,12015,0,0.0,0.0,0.0,1.0,1440,18,1.0,0,0.0,0,0.0,9.36999988555908,3,0.0,0.0,0.0,0.0,0,1440,0.0,3212
18918.0,13.1375,5.92000007629395,0.0006500494209173109,5.92000007629395,1538.344574769192,5.90999984741211,9107,236,0.1638888888888889,78.66666666666667,5.90999984741211,0.8361111111111111,1204,13,0.8361111111111111,236,5.90999984741211,0,0.1638888888888889,1.5050847651594788,2,0.0,0.0,0.0,0.9983107721701079,0,1440,0.0,1572
17234.0,11.968055555555555,5.30999994277954,0.0006504961341148524,5.30999994277954,1537.2881521590084,5.30999994277954,8163,146,0.10138888888888889,48.666666666666664,5.30999994277954,0.8986111111111111,1294,16,0.8986111111111111,146,5.30999994277954,0,0.10138888888888889,2.1821917573066605,2,0.0,0.0,0.0,1.0,0,1440,0.0,1432
23709.0,16.464583333333334,3.94000005722046,0.0006399220492480851,3.94000005722046,1562.690332635061,3.94000005722046,6157,310,0.2152777777777778,103.33333333333333,3.94000005722046,0.49583333333333335,714,16,0.697265625,310,3.94000005722046,0,0.302734375,0.762580656236218,1,0.0,0.0,0.0,1.0,0,1024,0.0,2780
23462.0,16.293055555555554,8.3100004196167,0.0007562796159097834,8.3100004196167,1322.2622677685526,8.30000030249357,10988,192,0.13333333333333333,64.0,18.980000719428062,0.5854166666666667,843,9,0.8144927536231884,135,2.90000009536743,45,0.13043478260869565,2.5968751311302185,3,0.043478260869565216,5.28000020980835,0.011594202898550725,0.9987966165321096,12,1035,0.119999997317791,2655
23104.0,16.044444444444444,7.8600001335144,0.0007692307822973576,7.8600001335144,1299.9999779174661,7.859999984502795,10218,283,0.19652777777777777,94.33333333333333,9.27000001072884,0.7083333333333334,1020,9,0.782808902532617,258,6.78999996185303,6,0.19800460475825019,1.6664311237133003,3,0.004604758250191865,0.340000003576279,0.014581734458940905,0.9999999810417809,19,1303,0.730000019073486,3013
22118.0,15.359722222222222,7.57000017166138,0.0006528113290497913,7.57000017166138,1531.8361607718482,7.569999873638152,11596,309,0.21458333333333332,103.0,11.099999904632565,0.5326388888888889,767,9,0.7128252788104089,277,5.40999984741211,19,0.25743494423791824,1.4699029459536659,3,0.017657992565055763,1.37000000476837,0.012081784386617101,0.9999999606310145,13,1076,0.790000021457672,2026
21765.0,15.114583333333334,5.98999977111816,0.0006711484337387294,5.98999977111816,1489.9833624424264,5.98999977111816,8925,311,0.21597222222222223,103.66666666666667,5.98999977111816,0.41944444444444445,604,16,0.6601092896174864,311,5.98999977111816,0,0.33989071038251367,1.1556269654890339,2,0.0,0.0,0.0,1.0,0,915,0.0,2200
19840.0,13.777777777777779,3.25,0.0006605691056910569,3.25,1513.8461538461538,3.25,4920,247,0.17152777777777778,82.33333333333333,3.25,0.7513888888888889,1082,16,0.8141459744168548,247,3.25,0,0.18585402558314523,0.7894736842105264,0,0.0,0.0,0.0,1.0,0,1329,0.0,1856
17716.0,12.302777777777777,2.20000004768372,0.0007255936832729947,2.20000004768372,1378.1817883105298,2.20000004768372,3032,118,0.08194444444444444,39.333333333333336,2.20000004768372,0.9180555555555555,1322,16,0.9180555555555555,118,2.20000004768372,0,0.08194444444444444,1.1186440920425695,0,0.0,0.0,0.0,1.0,0,1440,0.0,2489
19203.0,13.335416666666667,3.09999990463257,0.0006694018364570438,3.09999990463257,1493.871013698916,3.09999990463257,4631,203,0.14097222222222222,67.66666666666667,3.09999990463257,0.8020833333333334,1155,16,0.8505154639175257,203,3.09999990463257,0,0.14948453608247422,0.9162561294480503,0,0.0,0.0,0.0,1.0,0,1358,0.0,2076
30144.0,20.933333333333334,18.1100006103516,0.0009078604677336876,18.1100006103516,1101.4908518886414,18.050000607967405,19948,317,0.22013888888888888,105.66666666666667,40.78000152111062,0.7798611111111111,1123,2,0.7798611111111111,225,6.34000015258789,73,0.15625,3.427760367889893,4,0.050694444444444445,11.0200004577637,0.013194444444444444,0.9966869132875732,19,1440,0.689999997615814,3679
18048.0,12.533333333333333,2.73000001907349,0.0007264502445645263,2.73000001907349,1376.5567669392888,2.729999907314779,3758,156,0.10833333333333334,52.0,3.179999910295012,0.4736111111111111,682,9,0.8138424821002387,148,2.34999990463257,1,0.1766109785202864,1.0500000073359577,0,0.0011933174224343676,0.0700000002980232,0.008353221957040573,0.9999999590627436,7,838,0.310000002384186,2580
21090.0,14.645833333333334,3.75999999046326,0.0006821480389084288,3.75999999046326,1465.9574505267167,3.75999999046326,5512,385,0.2673611111111111,128.33333333333334,3.75999999046326,0.7326388888888888,1055,16,0.7326388888888888,385,3.75999999046326,0,0.2673611111111111,0.5859740244877808,1,0.0,0.0,0.0,1.0,0,1440,0.0,1972
26521.0,18.417361111111113,6.11999988555908,0.0007167115453283851,6.11999988555908,1395.261463999184,6.069999828934666,8539,350,0.24305555555555555,116.66666666666667,6.609999835491177,0.49444444444444446,712,11,0.6704331450094162,331,5.67999982833862,4,0.3116760828625235,1.0491428375244138,2,0.003766478342749529,0.150000005960464,0.014124293785310734,0.991830055954348,15,1062,0.239999994635582,3654
19995.0,13.885416666666666,4.40999984741211,0.0006971229603876241,4.40999984741211,1434.4671698145846,4.41000012308359,6326,210,0.14583333333333334,70.0,9.270000293850899,0.5826388888888889,839,9,0.7998093422306959,180,1.96000003814697,29,0.17159199237368922,1.25999995640346,1,0.027645376549094377,2.41000008583069,0.0009532888465204957,1.0000000625105416,1,1049,0.0399999991059303,2291
21126.0,14.670833333333333,5.17999982833862,0.0006904825151077873,5.17999982833862,1448.2625962569025,5.169999942183494,7502,265,0.1840277777777778,88.33333333333333,10.239999979734428,0.5034722222222222,725,9,0.7323232323232324,233,2.57999992370605,30,0.23535353535353534,1.1728301498125178,2,0.030303030303030304,2.48000001907349,0.00202020202020202,0.9980695199832982,2,990,0.109999999403954,2421
22589.0,15.686805555555555,6.73999977111816,0.0006443594427455219,6.73999977111816,1551.9288360843216,6.750000149011614,10460,222,0.15416666666666667,74.0,12.030000269412998,0.8458333333333333,1218,10,0.8458333333333333,181,3.91000008583069,30,0.12569444444444444,1.8216215597616647,3,0.020833333333333332,2.44000005722046,0.007638888888888889,1.0014837356428863,11,1440,0.400000005960464,1776
22046.0,15.309722222222222,5.32000017166138,0.0006605413672288776,5.32000017166138,1513.9097255864976,5.319999806582925,8054,323,0.22430555555555556,107.66666666666667,6.079999782145022,0.7756944444444445,1117,10,0.7756944444444445,308,4.67999982833862,2,0.21388888888888888,0.9882353260052098,2,0.001388888888888889,0.119999997317791,0.009027777777777777,0.9999999313762326,13,1440,0.519999980926514,2062
24118.0,16.74861111111111,8.73999977111816,0.0006612695597426163,8.73999977111816,1512.2426025314494,8.730000197887424,13217,333,0.23125,111.0,16.24000036716462,0.5145833333333333,741,9,0.6899441340782123,280,4.88000011444092,50,0.260707635009311,1.5747747335348037,4,0.04655493482309125,3.66000008583069,0.002793296089385475,0.9988558840397479,3,1074,0.189999997615814,2173
14400.0,10.0,7.78000020980835,0.0007686228225457764,7.78000020980835,1301.0282425492817,0.0,10122,0,0.0,0.0,0.0,1.0,1440,18,1.0,0,0.0,0,0.0,7.78000020980835,3,0.0,0.0,0.0,0.0,0,1440,0.0,2955
21972.0,15.258333333333333,6.48000001907349,0.0006676970653347233,6.48000001907349,1497.685180776839,6.480000019073491,9705,222,0.15416666666666667,74.0,13.640000104904182,0.37430555555555556,539,9,0.7082785808147175,164,2.50999999046326,38,0.21550591327201052,1.7513513565063485,2,0.04993429697766097,3.19000005722046,0.026281208935611037,1.0000000000000002,20,761,0.779999971389771,1728
16496.0,11.455555555555556,1.61000001430511,0.0006518218681397207,1.61000001430511,1534.1614770519573,1.58000004291534,2470,117,0.08125,39.0,1.58000004291534,0.91875,1323,13,0.91875,117,1.58000004291534,0,0.08125,0.8256410329769795,0,0.0,0.0,0.0,0.9813664775632202,0,1440,0.0,1370
21090.0,14.645833333333334,3.48000001907349,0.0006607176797177691,3.48000001907349,1513.5057388310815,3.479999929666521,5267,268,0.18611111111111112,89.33333333333333,4.9599999785423305,0.8138888888888889,1172,10,0.8138888888888889,237,2.59999990463257,21,0.16458333333333333,0.7791044818821246,1,0.014583333333333334,0.600000023841858,0.006944444444444444,0.9999999743083424,10,1440,0.280000001192093,1953
22408.0,15.561111111111112,9.72999954223633,0.0007800224099916892,9.72999954223633,1282.0144488036628,9.739999800920486,12474,211,0.14652777777777778,70.33333333333333,23.209999620914463,0.8534722222222222,1229,10,0.8534722222222222,129,2.86999988555908,77,0.08958333333333333,2.766824514379999,3,0.05347222222222222,6.59999990463257,0.003472222222222222,1.0010277758637858,5,1440,0.270000010728836,3142
22528.0,15.644444444444444,8.67000007629395,0.0007589950167463845,8.67000007629395,1317.5317069758132,8.650000125169756,11423,225,0.15625,75.0,13.800000250339512,0.84375,1215,10,0.84375,191,5.94000005722046,29,0.1326388888888889,2.3120000203450535,3,0.02013888888888889,2.44000005722046,0.003472222222222222,0.9976932005826759,5,1440,0.270000010728836,2761
19296.0,13.4,3.02999997138977,0.0006712450091692002,3.02999997138977,1489.7689909645655,3.02999997138977,4514,229,0.15902777777777777,76.33333333333333,3.02999997138977,0.5618055555555556,809,16,0.779383429672447,229,3.02999997138977,0,0.220616570327553,0.7938864553859659,0,0.0,0.0,0.0,1.0,0,1038,0.0,2211
19172.0,13.313888888888888,2.99000000953674,0.0006607734827705503,2.99000000953674,1513.3779215944173,2.989999905228613,4525,209,0.1451388888888889,69.66666666666667,3.5299998968839623,0.8548611111111111,1231,10,0.8548611111111111,199,2.58999991416931,2,0.13819444444444445,0.8583732084794469,0,0.001388888888888889,0.140000000596046,0.005555555555555556,0.9999999651143389,8,1440,0.259999990463257,1793
23557.0,16.35902777777778,10.0,0.0007086167800453515,10.0,1411.2,10.0,14112,254,0.1763888888888889,84.66666666666667,21.099999904632558,0.4583333333333333,660,5,0.7221006564551422,129,2.17000007629395,30,0.14113785557986872,2.3622047244094486,4,0.03282275711159737,3.26999998092651,0.10393873085339168,1.0,95,914,4.55999994277954,1655
36024.0,25.016666666666666,9.14000034332275,0.0007472815259032581,9.14000034332275,1338.183757174078,9.129999935626989,12231,396,0.275,132.0,21.91999995708467,0.3645833333333333,525,3,0.5700325732899023,159,2.3199999332428,200,0.17263843648208468,1.3848485368670835,3,0.21715526601520088,5.98000001907349,0.04017372421281216,0.9989058635317156,37,921,0.829999983310699,4552
14726.0,10.22638888888889,0.159999996423721,0.0006299212457626811,0.159999996423721,1587.500035483394,0.159999996423721,254,17,0.011805555555555555,5.666666666666667,0.159999996423721,0.6958333333333333,1002,16,0.9833169774288518,17,0.159999996423721,0,0.016683022571148183,0.5647058697307801,0,0.0,0.0,0.0,1.0,0,1019,0.0,1141
30396.0,21.108333333333334,6.65000009536743,0.0007498026942572364,6.65000009536743,1333.684191399995,6.65999984741211,8869,335,0.2326388888888889,111.66666666666667,12.52999973297119,0.44375,639,12,0.6560574948665298,194,3.34999990463257,104,0.19917864476386038,1.1910447932001367,2,0.10677618069815195,2.55999994277954,0.037987679671457907,1.0015037220904173,37,974,0.75,3841
17173.0,11.925694444444444,1.16999995708466,0.0006389950612149972,1.16999995708466,1564.9573223595519,1.16999995708466,1831,101,0.07013888888888889,33.666666666666664,1.16999995708466,0.6361111111111111,916,16,0.9006882989183874,101,1.16999995708466,0,0.09931170108161258,0.6950494794562336,0,0.0,0.0,0.0,1.0,0,1017,0.0,2015
22775.0,15.815972222222221,6.40000009536743,0.0006643138982112757,6.40000009536743,1505.3124775690965,6.400000035762789,9634,330,0.22916666666666666,110.0,8.640000045299537,0.7708333333333334,1110,10,0.7708333333333334,304,4.71000003814697,7,0.2111111111111111,1.1636363809758963,2,0.004861111111111111,0.550000011920929,0.013194444444444444,0.9999999906867749,19,1440,1.13999998569489,2117
20257.0,14.067361111111111,8.18000030517578,0.0007994527272454828,8.18000030517578,1250.8556990549068,8.169999822974205,10232,154,0.10694444444444444,51.333333333333336,20.879999369382848,0.8930555555555556,1286,10,0.8930555555555556,104,1.70000004768372,45,0.07222222222222222,3.187013105912641,3,0.03125,6.23999977111816,0.003472222222222222,0.9987774472092321,5,1440,0.230000004172325,2008
23311.0,16.188194444444445,7.71000003814697,0.0006429286222604211,7.71000003814697,1555.3826122784521,7.710000038146969,11992,258,0.17916666666666667,86.0,14.74999999999999,0.5784722222222223,833,12,0.763519706691109,175,3.13000011444092,37,0.1604032997250229,1.793023264685342,3,0.03391384051329056,2.46000003814697,0.04216315307057745,0.9999999999999999,46,1091,2.11999988555908,1821
15818.0,10.984722222222222,1.67999994754791,0.0007275876775867951,1.67999994754791,1374.404804815717,1.6599999666214,2309,52,0.03611111111111111,17.333333333333332,1.6599999666214,0.9638888888888889,1388,13,0.9638888888888889,52,1.6599999666214,0,0.03611111111111111,1.938461477939896,0,0.0,0.0,0.0,0.988095249076822,0,1440,0.0,2222
23242.0,16.14027777777778,8.13000011444092,0.0006369476742745942,8.13000011444092,1569.9876777772652,8.12000024318695,12764,223,0.15486111111111112,74.33333333333333,18.760000705719,0.8451388888888889,1217,10,0.8451388888888889,130,2.24000000953674,66,0.09027777777777778,2.1874439769796195,4,0.04583333333333333,4.76000022888184,0.01875,0.9987700035531111,27,1440,1.12000000476837,1827
19874.0,13.801388888888889,4.94999980926514,0.0008104125424468141,4.94999980926514,1233.9394414859123,4.95999995619059,6108,225,0.15625,75.0,5.449999950826172,0.53125,765,9,0.7727272727272727,216,4.53999996185303,1,0.21818181818181817,1.3199999491373708,1,0.00101010101010101,0.0700000002980232,0.00808080808080808,1.0020202317799551,8,990,0.349999994039536,2784
22374.0,15.5375,8.5600004196167,0.0007596734486702785,8.5600004196167,1316.3550756583445,8.560000121593477,11268,241,0.1673611111111111,80.33333333333333,21.250000357627876,0.8326388888888889,1199,10,0.8326388888888889,172,1.75,49,0.11944444444444445,2.131120436419095,3,0.034027777777777775,5.88000011444092,0.013888888888888888,0.9999999651842048,20,1440,0.930000007152557,2218
20302.0,14.098611111111111,5.40000009536743,0.0007560907442407491,5.40000009536743,1322.5925692347678,5.3899998664856,7142,350,0.24305555555555555,116.66666666666667,5.3899998664856,0.7569444444444444,1090,13,0.7569444444444444,350,5.3899998664856,0,0.24305555555555555,0.925714302062988,1,0.0,0.0,0.0,0.9981481057953298,0,1440,0.0,2905
17676.0,12.275,2.6800000667572,0.0007964338979961961,2.6800000667572,1255.596983649202,2.6800000667572,3365,133,0.09236111111111112,44.333333333333336,2.6800000667572,0.4673611111111111,673,16,0.8349875930521092,133,2.6800000667572,0,0.16501240694789082,1.2090225865070074,0,0.0,0.0,0.0,1.0,0,806,0.0,1838
19660.0,13.652777777777779,4.82000017166138,0.0007806932574767379,4.82000017166138,1280.9128174516054,4.80999994277955,6174,231,0.16041666666666668,77.0,6.00999999046327,0.8395833333333333,1209,10,0.8395833333333333,203,3.60999989509583,0,0.14097222222222222,1.2519480965354233,1,0.0,0.0,0.019444444444444445,0.9979252637913532,28,1440,1.20000004768372,2757
14402.0,10.001388888888888,0.0,0.0,0.0,0.0,0.0,0,0,0.0,0.0,0.0,1.0,1440,18,1.0,0,0.0,0,0.0,0.0,0,0.0,0.0,0.0,0.0,0,1440,0.0,1347
20816.0,14.455555555555556,3.57999992370605,0.0006819047473725809,3.57999992370605,1466.4804781797734,3.5700000226497686,5250,321,0.22291666666666668,107.0,5.7799999117851275,0.7770833333333333,1119,13,0.7770833333333333,300,2.42000007629395,17,0.20833333333333334,0.6691588642441215,1,0.011805555555555555,1.05999994277954,0.002777777777777778,0.997206731488997,4,1440,0.0900000035762787,1946
14400.0,10.0,0.0,0.0,0.0,0.0,0.0,0,0,0.0,0.0,0.0,1.0,1440,18,1.0,0,0.0,0,0.0,0.0,0,0.0,0.0,0.0,0.0,0,1440,0.0,1980
22053.0,17.502380952380953,8.13000011444092,0.0006366484036367204,8.13000011444092,1570.7256851469506,8.12000012397766,12770,310,0.2152777777777778,103.33333333333333,14.25,0.46458333333333335,669,11,0.6833503575076609,251,4.55000019073486,36,0.25638406537282943,1.5735484092466296,4,0.03677221654749745,2.55999994277954,0.02349336057201226,0.9987699888902218,23,979,1.00999999046326,1783
16140.0,11.208333333333334,1.12000000476837,0.0006485234538322931,1.12000000476837,1541.964279149414,1.12000000476837,1727,102,0.07083333333333333,34.0,1.12000000476837,0.9291666666666667,1338,13,0.9291666666666667,102,1.12000000476837,0,0.07083333333333333,0.6588235322166883,0,0.0,0.0,0.0,1.0,0,1440,0.0,1341
23550.0,16.354166666666668,11.0,0.0007883609259657421,11.0,1268.4545454545455,11.000000417232513,13953,195,0.13541666666666666,65.0,29.890001177787788,0.8645833333333334,1245,10,0.8645833333333334,90,1.21000003814697,90,0.0625,3.3846153846153846,4,0.0625,9.10000038146973,0.010416666666666666,1.0000000379302285,15,1440,0.689999997615814,2859
23434.0,16.273611111111112,3.35999989509583,0.0006406100848609781,3.35999989509583,1561.011953499007,3.349999994039535,5245,285,0.19791666666666666,95.0,4.109999984502791,0.5520833333333334,795,12,0.7361111111111112,232,2.75,8,0.21481481481481482,0.7073683989675432,1,0.007407407407407408,0.159999996423721,0.041666666666666664,0.9970238388784206,45,1080,0.439999997615814,2748
14400.0,10.0,0.0,0.0,0.0,0.0,0.0,0,0,0.0,0.0,0.0,1.0,1440,18,1.0,0,0.0,0,0.0,0.0,0,0.0,0.0,0.0,0.0,0,1440,0.0,1496
27168.0,18.866666666666667,9.81999969482422,0.0007928305905719539,9.81999969482422,1261.303501519275,9.820000052452082,12386,299,0.2076388888888889,99.66666666666667,20.390000104904164,0.4722222222222222,680,7,0.6945863125638406,169,4.21000003814697,116,0.17262512768130744,1.9705685006336229,3,0.118488253319714,4.96000003814697,0.014300306435137897,1.000000036418317,14,979,0.649999976158142,4079
24718.0,17.165277777777778,7.71000003814697,0.0006239378520795476,7.71000003814697,1602.723727478722,7.71000003814697,12357,432,0.3,144.0,7.71000003814697,0.31805555555555554,458,16,0.5146067415730337,432,7.71000003814697,0,0.4853932584269663,1.0708333386315236,3,0.0,0.0,0.0,1.0,0,890,0.0,1916
22045.0,15.309027777777779,5.3899998664856,0.0006688174545831493,5.3899998664856,1495.1762893557634,5.3899998664856,8059,305,0.21180555555555555,101.66666666666667,5.3899998664856,0.7881944444444444,1135,16,0.7881944444444444,305,5.3899998664856,0,0.21180555555555555,1.0603278425873313,2,0.0,0.0,0.0,1.0,0,1440,0.0,2383
19186.0,13.323611111111111,4.46000003814697,0.0007273320349228588,4.46000003814697,1374.8878806170837,4.460000023245815,6132,173,0.12013888888888889,57.666666666666664,5.930000022053722,0.6305555555555555,908,9,0.8399629972247918,146,3.23000001907349,3,0.13506012950971322,1.5468208224787179,1,0.0027752081406105457,0.239999994635582,0.022201665124884366,0.9999999966589339,24,1081,0.990000009536743,2696
14400.0,10.0,0.0,0.0,0.0,0.0,0.0,0,0,0.0,0.0,0.0,1.0,1440,18,1.0,0,0.0,0,0.0,0.0,0,0.0,0.0,0.0,0.0,0,1440,0.0,1688
16457.0,11.428472222222222,1.17999994754791,0.0006530160196723353,1.17999994754791,1531.3560002735787,1.17999994754791,1807,104,0.07222222222222222,34.666666666666664,1.17999994754791,0.4041666666666667,582,16,0.8483965014577259,104,1.17999994754791,0,0.15160349854227406,0.6807692005084095,0,0.0,0.0,0.0,1.0,0,686,0.0,1507
28577.0,19.84513888888889,16.2999992370605,0.0008959489494344253,16.2999992370605,1116.1350215670855,16.260000288486435,18193,286,0.1986111111111111,95.33333333333333,37.410000443458415,0.8013888888888889,1154,9,0.8013888888888889,212,5.53000020980835,66,0.14722222222222223,3.419580259523182,4,0.04583333333333333,10.4200000762939,0.005555555555555556,0.9975460766597386,8,1440,0.310000002384186,3477
20788.0,14.436111111111112,4.32999992370605,0.0006723602366003183,4.32999992370605,1487.2979476840264,4.32000017166138,6440,319,0.22152777777777777,106.33333333333333,4.32000017166138,0.7784722222222222,1121,13,0.7784722222222222,319,4.32000017166138,0,0.22152777777777777,0.8144200483459656,1,0.0,0.0,0.0,0.9976905884016478,0,1440,0.0,1826
17130.0,11.895833333333334,1.69000005722046,0.0007926829536681332,1.69000005722046,1261.5384188249652,1.69000005722046,2132,93,0.06458333333333334,31.0,1.69000005722046,0.41597222222222224,599,16,0.865606936416185,93,1.69000005722046,0,0.13439306358381503,1.0903226175615872,0,0.0,0.0,0.0,1.0,0,692,0.0,2572
24924.0,17.308333333333334,6.82999992370605,0.0006753683302389054,6.82999992370605,1480.6735158076765,6.819999814033512,10113,361,0.25069444444444444,120.33333333333333,11.439999818801883,0.6694444444444444,964,12,0.7275471698113207,320,4.19999980926514,28,0.24150943396226415,1.1351800427212273,3,0.021132075471698115,2.0,0.009811320754716982,0.998535855082834,13,1325,0.620000004768372,2344
18677.0,12.970138888888888,2.27999997138977,0.0006317539405347104,2.27999997138977,1582.8947567048172,2.27999997138977,3609,191,0.1326388888888889,63.666666666666664,2.27999997138977,0.49722222222222223,716,16,0.7894156560088202,191,2.27999997138977,0,0.2105843439911797,0.7162303575046398,0,0.0,0.0,0.0,1.0,0,907,0.0,1447
20064.0,13.933333333333334,3.45000004768372,0.0006240955223740448,3.45000004768372,1602.318818433472,3.45000004768372,5528,258,0.17916666666666667,86.0,3.45000004768372,0.4236111111111111,610,16,0.7027649769585254,258,3.45000004768372,0,0.29723502304147464,0.802325592484586,1,0.0,0.0,0.0,1.0,0,868,0.0,1555
22725.0,15.78125,6.82000017166138,0.0006608527298121492,6.82000017166138,1513.1964428508227,6.819999992847439,10320,324,0.225,108.0,9.939999997615807,0.4840277777777778,697,12,0.682664054848188,279,4.25,7,0.2732615083251714,1.2629629947521073,3,0.0068560235063663075,0.550000011920929,0.03721841332027424,0.9999999737809478,38,1021,2.01999998092651,2034
17836.0,12.386111111111111,1.78999996185303,0.0007151418145637356,1.78999996185303,1398.3240521462712,1.800000011920932,2503,96,0.06666666666666667,32.0,2.280000001192095,0.9333333333333333,1344,10,0.9333333333333333,84,1.48000001907349,3,0.058333333333333334,1.1187499761581436,0,0.0020833333333333333,0.159999996423721,0.00625,1.0055866202687234,9,1440,0.159999996423721,2280
21993.0,15.272916666666667,5.78999996185303,0.0006990220888389508,5.78999996185303,1430.5699576117288,5.769999910145998,8283,357,0.24791666666666667,119.0,9.519999958574775,0.7520833333333333,1083,13,0.7520833333333333,333,3.86999988555908,22,0.23125,0.9731092372862234,2,0.015277777777777777,1.85000002384186,0.001388888888888889,0.9965457596133332,2,1440,0.0500000007450581,2057
21796.0,15.136111111111111,4.98000001907349,0.000671883434845317,4.98000001907349,1488.353407954198,4.969999846071006,7412,370,0.2569444444444444,123.33333333333333,5.339999843388797,0.7430555555555556,1070,13,0.7430555555555556,363,4.65999984741211,1,0.2520833333333333,0.8075675706605658,1,0.0006944444444444445,0.0599999986588955,0.004166666666666667,0.9979919331397222,6,1440,0.25,1906
18613.0,12.925694444444444,2.76999998092651,0.0006519180938871523,2.76999998092651,1533.9350286128138,2.76999998092651,4249,224,0.15555555555555556,74.66666666666667,2.76999998092651,0.45208333333333334,651,16,0.744,224,2.76999998092651,0,0.256,0.7419642806053152,0,0.0,0.0,0.0,1.0,0,875,0.0,1698
20557.0,14.275694444444444,6.65999984741211,0.0007800421465697014,6.65999984741211,1281.982011353593,6.66000008583069,8538,211,0.14652777777777778,70.33333333333333,12.940000295639042,0.8534722222222222,1229,10,0.8534722222222222,158,3.00999999046326,35,0.10972222222222222,1.8938388191693205,2,0.024305555555555556,2.63000011444092,0.0125,1.0000000357985863,18,1440,1.01999998092651,2883
19612.0,13.619444444444444,3.42000007629395,0.0006733609128359815,3.42000007629395,1485.0876861686531,3.42000007629395,5079,242,0.16805555555555557,80.66666666666667,3.42000007629395,0.7840277777777778,1129,16,0.8234865061998541,242,3.42000007629395,0,0.1765134938001459,0.8479339032133761,1,0.0,0.0,0.0,1.0,0,1371,0.0,1804
16462.0,11.431944444444444,1.76999998092651,0.0006624251425623166,1.76999998092651,1509.6045360414844,1.75999999046326,2672,105,0.07291666666666667,35.0,1.75999999046326,0.9270833333333334,1335,16,0.9270833333333334,105,1.75999999046326,0,0.07291666666666667,1.0114285605294342,0,0.0,0.0,0.0,0.9943502878129888,0,1440,0.0,1632
22120.0,15.36111111111111,7.88000011444092,0.0007693058785942517,7.88000011444092,1299.8730775686965,7.890000224113457,10243,261,0.18125,87.0,10.560000300407394,0.40555555555555556,584,9,0.6911242603550296,239,6.30000019073486,14,0.2828402366863905,1.8114942791818207,3,0.016568047337278107,1.08000004291534,0.009467455621301775,1.0012690494323992,8,845,0.509999990463257,2885
21806.0,15.143055555555556,5.19000005722046,0.0006717577086746648,5.19000005722046,1488.6319681733708,5.19000005722046,7726,345,0.23958333333333334,115.0,5.19000005722046,0.7604166666666666,1095,16,0.7604166666666666,345,5.19000005722046,0,0.23958333333333334,0.9026087056035582,2,0.0,0.0,0.0,1.0,0,1440,0.0,1906
14400.0,10.0,0.0,0.0,0.0,0.0,0.0,0,0,0.0,0.0,0.0,1.0,1440,18,1.0,0,0.0,0,0.0,0.0,0,0.0,0.0,0.0,0.0,0,1440,0.0,1688
25172.0,17.480555555555554,9.64000034332275,0.0007691694201965013,9.64000034332275,1300.10368813743,9.64000004529953,12533,357,0.24791666666666667,119.0,13.040000021457672,0.3729166666666667,537,8,0.6006711409395973,300,6.94000005722046,14,0.33557046979865773,1.6201681249281934,4,0.015659955257270694,0.699999988079071,0.04809843400447427,0.9999999690847293,43,894,2.0,3283
16766.0,11.643055555555556,1.92999994754791,0.0006500505043947153,1.92999994754791,1538.3420107198206,1.91999995708466,2969,139,0.09652777777777778,46.333333333333336,1.91999995708466,0.9034722222222222,1301,13,0.9034722222222222,139,1.91999995708466,0,0.09652777777777778,0.8330935025386661,0,0.0,0.0,0.0,0.9948186576502476,0,1440,0.0,1393
14457.0,10.039583333333333,0.0099999997764825,0.0006249999860301563,0.0099999997764825,1600.0000357628007,0.0099999997764825,16,2,0.001388888888888889,0.6666666666666666,0.0099999997764825,0.9986111111111111,1438,18,0.9986111111111111,2,0.0099999997764825,0,0.001388888888888889,0.299999993294475,0,0.0,0.0,0.0,1.0,0,1440,0.0,1990
22409.0,15.561805555555555,5.42000007629395,0.0006857287545918459,5.42000007629395,1458.3025624982172,5.400000095367428,7904,383,0.2659722222222222,127.66666666666667,9.190000176429736,0.7340277777777777,1057,13,0.7340277777777777,346,3.19000005722046,24,0.24027777777777778,0.8490861738319503,2,0.016666666666666666,1.58000004291534,0.009027777777777777,0.9963099666706652,13,1440,0.629999995231628,2095
18896.0,13.122222222222222,3.91000008583069,0.0007798165308796749,3.91000008583069,1282.352913026794,3.9099999368190717,5014,203,0.14097222222222222,67.66666666666667,4.239999949932094,0.8590277777777777,1237,10,0.8590277777777777,196,3.57999992370605,0,0.1361111111111111,1.1556650499992187,1,0.0,0.0,0.004861111111111111,0.9999999618896126,7,1440,0.330000013113022,2650
20540.0,14.26388888888889,3.22000002861023,0.0007161921771819907,3.22000002861023,1396.2732795193479,3.15000009536743,4496,174,0.12083333333333333,58.0,3.15000009536743,0.6597222222222222,950,15,0.8451957295373665,174,3.15000009536743,0,0.15480427046263345,1.1103448374518035,0,0.0,0.0,0.0,0.9782608904904226,0,1124,0.0,2828
25376.0,17.622222222222224,11.1199998855591,0.0006532722292068558,11.1199998855591,1530.7554114371428,11.120000123977668,17022,358,0.24861111111111112,119.33333333333333,21.570000171661388,0.48125,693,12,0.659372026641294,256,4.67000007629395,61,0.24357754519505234,1.8636871316579497,4,0.058039961941008564,4.0,0.0390104662226451,1.000000021440519,41,1051,2.45000004768372,2324
20644.0,14.33611111111111,5.98000001907349,0.0006752484213045947,5.98000001907349,1480.9364501259822,5.979999959468844,8856,194,0.13472222222222222,64.66666666666667,13.009999871253967,0.5395833333333333,777,9,0.800205973223481,131,2.00999999046326,44,0.1349124613800206,1.8494845419814916,2,0.04531410916580844,3.05999994277954,0.01956745623069001,0.9999999900326679,19,971,0.910000026226044,1450
25883.0,17.974305555555556,9.88000011444092,0.0006371727147195228,9.88000011444092,1569.4331802016825,9.88000023365021,15506,345,0.23958333333333334,115.0,18.26000022888184,0.5381944444444444,775,9,0.6919642857142857,264,5.03000020980835,50,0.2357142857142857,1.718260889467986,4,0.044642857142857144,3.52999997138977,0.027678571428571427,1.0000000120657175,31,1120,1.32000005245209,2035
25074.0,17.4125,8.5,0.0007069194943446441,8.5,1414.5882352941176,8.499999858438967,12024,340,0.2361111111111111,113.33333333333333,14.579999879002564,0.7638888888888888,1100,10,0.7638888888888888,292,5.40999984741211,43,0.20277777777777778,1.5,3,0.029861111111111113,2.99000000953674,0.003472222222222222,0.9999999833457608,5,1440,0.100000001490116,2601
17788.0,12.352777777777778,2.77999997138977,0.0006600189865597745,2.77999997138977,1515.1079292617217,2.77999997138977,4212,164,0.11388888888888889,54.666666666666664,2.77999997138977,0.8861111111111111,1276,16,0.8861111111111111,164,2.77999997138977,0,0.11388888888888889,1.01707316026455,0,0.0,0.0,0.0,1.0,0,1440,0.0,1763
28959.0,20.110416666666666,8.86999988555908,0.000586717812247591,8.86999988555908,1704.3968652821584,8.859999962151052,15118,380,0.2638888888888889,126.66666666666667,8.929999962449076,0.7361111111111112,1060,6,0.7361111111111112,307,8.78999996185303,58,0.21319444444444444,1.400526297719855,4,0.04027777777777778,0.0,0.010416666666666666,0.9988726129045042,15,1440,0.0700000002980232,3545
23199.0,16.110416666666666,8.77999973297119,0.000671664606255446,8.77999973297119,1488.8383140732033,8.780000038444992,13072,312,0.21666666666666667,104.0,14.32000013440847,0.46944444444444444,676,8,0.6842105263157895,196,3.30999994277954,1,0.19838056680161945,1.688461487109844,4,0.0010121457489878543,0.0700000002980232,0.11639676113360324,1.000000034792006,115,988,5.40000009536743,1630
20586.0,14.295833333333333,3.75,0.0006696428571428571,3.75,1493.3333333333333,3.75,5600,237,0.16458333333333333,79.0,3.75,0.7930555555555555,1142,16,0.8281363306744017,237,3.75,0,0.17186366932559827,0.9493670886075949,1,0.0,0.0,0.0,1.0,0,1379,0.0,2225
20392.0,14.161111111111111,5.63000011444092,0.0008108886813252081,5.63000011444092,1233.2148950035084,5.609999909996985,6943,224,0.15555555555555556,74.66666666666667,6.4299999326467505,0.4736111111111111,682,9,0.7527593818984547,207,4.86999988555908,1,0.22847682119205298,1.508035744939532,1,0.0011037527593818985,0.0799999982118607,0.017660044150110375,0.996447565890339,16,906,0.660000026226044,2859
17404.0,12.08611111111111,3.39000010490417,0.0007163990077988524,3.39000010490417,1395.870163294218,3.3899999819695914,4732,63,0.04375,21.0,9.239999946206797,0.95625,1377,10,0.95625,9,0.0599999986588955,36,0.00625,3.2285715284801615,0,0.025,2.51999998092651,0.0125,0.9999999637361137,18,1440,0.810000002384186,2225
24611.0,17.090972222222224,10.8599996566772,0.0006559555240805266,10.8599996566772,1524.4936025224138,10.84999990463257,16556,335,0.2326388888888889,111.66666666666667,21.14999961853028,0.47847222222222224,689,12,0.6728515625,239,4.71000003814697,58,0.2333984375,1.945074565375021,4,0.056640625,4.15999984741211,0.037109375,0.9990792124898014,38,1024,1.98000001907349,2254
20041.0,13.917361111111111,4.76999998092651,0.0007797940135567288,4.76999998092651,1282.3899422347279,4.76999998092651,6117,250,0.1736111111111111,83.33333333333333,4.76999998092651,0.8263888888888888,1190,16,0.8263888888888888,250,4.76999998092651,0,0.1736111111111111,1.1447999954223624,1,0.0,0.0,0.0,1.0,0,1440,0.0,2810
10704.0,13.723076923076922,3.61999988555908,0.0007936855701730058,3.61999988555908,1259.9447912124976,3.610000044107438,4561,116,0.08055555555555556,38.666666666666664,5.180000007152557,0.30069444444444443,433,17,0.7887067395264117,102,2.69000005722046,8,0.18579234972677597,1.8724137339098688,0,0.014571948998178506,0.649999976158142,0.01092896174863388,0.9972376127713337,6,549,0.270000010728836,1976
19486.0,13.531944444444445,5.30000019073486,0.000811638620326931,5.30000019073486,1232.0754273585408,5.300000011920926,6530,189,0.13125,63.0,7.9699999690055785,0.6256944444444444,901,8,0.826605504587156,144,2.94000005722046,4,0.13211009174311927,1.6825397430904316,1,0.003669724770642202,0.310000002384186,0.03761467889908257,0.9999999662615232,41,1090,2.04999995231628,2729
17140.0,11.902777777777779,1.76999998092651,0.0006524142944808367,1.76999998092651,1532.7683780990071,1.76999998092651,2713,148,0.10277777777777777,49.333333333333336,1.76999998092651,0.4152777777777778,598,16,0.8016085790884718,148,1.76999998092651,0,0.19839142091152814,0.7175675598350716,0,0.0,0.0,0.0,1.0,0,746,0.0,1570
23172.0,16.091666666666665,8.39000034332275,0.0006530199520020821,8.39000034332275,1531.3467788145188,8.37999987602234,12848,302,0.20972222222222223,100.66666666666667,12.579999923706062,0.5638888888888889,812,9,0.7289048473967684,247,5.67999982833862,26,0.22172351885098743,1.666887485428361,4,0.02333931777378815,1.5,0.026032315978456014,0.9988080492382376,29,1114,1.20000004768372,2116
21752.0,15.105555555555556,4.5,0.0006603081438004402,4.5,1514.4444444444443,4.5,6815,328,0.22777777777777777,109.33333333333333,4.5,0.5173611111111112,745,16,0.6943150046598322,328,4.5,0,0.30568499534016774,0.823170731707317,1,0.0,0.0,0.0,1.0,0,1073,0.0,1947
14401.0,10.000694444444445,0.0,0.0,0.0,0.0,0.0,0,0,0.0,0.0,0.0,1.0,1440,18,1.0,0,0.0,0,0.0,0.0,0,0.0,0.0,0.0,0.0,0,1440,0.0,1688
18752.0,13.022222222222222,2.80999994277954,0.0006746698542087732,2.80999994277954,1482.2064358763466,2.79999995231628,4165,204,0.14166666666666666,68.0,2.79999995231628,0.8583333333333333,1236,16,0.8583333333333333,204,2.79999995231628,0,0.14166666666666666,0.8264705714057471,0,0.0,0.0,0.0,0.996441284460181,0,1440,0.0,1725
26298.0,18.2625,11.6499996185303,0.0008107167445045442,11.6499996185303,1233.4764352389602,11.650000214576723,14370,490,0.3402777777777778,163.33333333333334,14.700000166893007,0.40069444444444446,577,8,0.5407685098406748,439,8.97000026702881,5,0.4114339268978444,1.4265305655343226,4,0.004686035613870665,0.370000004768372,0.04311152764761012,1.0000000511627847,46,1067,2.30999994277954,3683
24189.0,16.797916666666666,9.55000019073486,0.0006856691693520146,9.55000019073486,1458.429290243633,9.560000360012054,13928,349,0.2423611111111111,116.33333333333333,18.310000777244568,0.44375,639,9,0.6467611336032388,297,5.09000015258789,48,0.3006072874493927,1.6418338436793456,4,0.048582995951417005,4.28000020980835,0.004048582995951417,1.0010471381232953,4,988,0.189999997615814,2174
24078.0,16.720833333333335,6.61999988555908,0.0006195601203143735,6.61999988555908,1614.048366270873,6.59999990463257,10685,401,0.27847222222222223,133.66666666666666,6.59999990463257,0.3770833333333333,543,16,0.5752118644067796,401,6.59999990463257,0,0.4247881355932203,0.9905236736497377,3,0.0,0.0,0.0,0.9969788547927111,0,944,0.0,1869
17776.0,12.344444444444445,2.30999994277954,0.0007273299567945655,2.30999994277954,1374.8918089488925,2.30999994277954,3176,120,0.08333333333333333,40.0,2.30999994277954,0.8284722222222223,1193,16,0.9086062452399086,120,2.30999994277954,0,0.0913937547600914,1.15499997138977,0,0.0,0.0,0.0,1.0,0,1313,0.0,2498
15565.0,10.809027777777779,1.03999996185303,0.0006887416965914106,1.03999996185303,1451.9231301792963,1.03999996185303,1510,48,0.03333333333333333,16.0,1.03999996185303,0.9666666666666667,1392,16,0.9666666666666667,48,1.03999996185303,0,0.03333333333333333,1.2999999523162875,0,0.0,0.0,0.0,1.0,0,1440,0.0,2229
20993.0,14.578472222222222,5.40999984741211,0.0006836850559095299,5.40999984741211,1462.6617787771672,5.410000175237659,7913,248,0.17222222222222222,82.66666666666667,10.070000350475317,0.8277777777777777,1192,10,0.8277777777777777,213,2.91000008583069,28,0.14791666666666667,1.3088709308255104,2,0.019444444444444445,2.16000008583069,0.004861111111111111,1.0000000605962214,7,1440,0.340000003576279,1835
20918.0,14.526388888888889,3.70000004768372,0.0007474747571078222,3.70000004768372,1337.8378205964639,3.699999988079073,4950,136,0.09444444444444444,45.333333333333336,7.879999876022336,0.9055555555555556,1304,10,0.9055555555555556,79,1.45000004768372,41,0.05486111111111111,1.6323529622134059,0,0.02847222222222222,1.92999994754791,0.011111111111111112,0.9999999838906362,16,1440,0.319999992847443,2643
17718.0,12.304166666666667,2.33999991416931,0.0007942973232075052,2.33999991416931,1258.9744051532657,2.33999991416931,2946,121,0.08402777777777778,40.333333333333336,2.33999991416931,0.5416666666666666,780,16,0.8657047724750278,121,2.33999991416931,0,0.13429522752497225,1.1603305359517242,0,0.0,0.0,0.0,1.0,0,901,0.0,2660
